Unnamed: 0,reviewId,userName,userImage,label,content,score,thumbsUpCount,reviewCreatedVersion,at,replyContent,repliedAt
353,e00b1f08-0916-4af6-8ea4-9c540a63910c,Kebat Wicaksono,https://play-lh.googleusercontent.com/a-/AD5-WCkLNFJJuPli8-TQ5Zvca8CEuahrEPrMXS9T-CfooQ,positive,"Aplikasi sudah cukup bagus, tolong di perbagus servernya",4,1,1.38.1,2022-03-24 11:14:14,"Hai POSTpreneur Kebat Wicaksono, Terima Kasih telah menggunakan aplikasi kasir POST. Kami akan menjadikan masukan Anda untuk pengembangan produk kami. Semoga kedepannya bisa lebih lengkap untuk fitur dan layanan aplikasi kami. Terima kasih telah mempercayakan bisnis-mu pada POST.",2022-03-25 10:20:32
864,d24b993b-cf4a-40cd-a9b2-39b4708ca819,Daniel Tri,https://play-lh.googleusercontent.com/a-/AD5-WCl_jndAa9Gsdyo53V-j3kKGwx02FtrOhSv7LsDHlE4,positive,Mantap betul,5,0,1.22.1,2021-01-22 23:43:18,"Hai Daniel Tri, terima kasih atas review yang disampaikan. Kami harap Kamu memilki pengalaman menyenangkan dengan kami. Apabila Kamu memiliki pertanyaan atau kendala silakan menginformasikan melalui email cs@post.app ya. Semoga bisnis kamu semakin maju dan lancar ya. Salam-PR #BisnisPastiPOST",2021-01-23 4:09:55
1311,12aafadd-de51-4e20-8896-743de758431e,Famel Club,https://play-lh.googleusercontent.com/a-/AD5-WCmagBD1SEca8pooujPPp0lSAXgobjmXMQW1DcUF,negative,Sebenarnya Bagus Sangat membantu.. Cuma Kok gak Ada printer Wi-Fi.. Adanya cuma Ada printer Bluetooth Dan USB... Tolong Di perbaiki Lagi.. Jadi aplikasi ini gk Aku Pakai..,5,7,1.5.0,2020-05-02 23:00:12,"Hai Famel Club, Terima kasih sudah menggunakan aplikasi dan layanan POST. Kami akan menjadikan masukan Kamu untuk pengembangan Fitur kami. Semoga kedepannya bisa lebih lengkap lagi produk yang disediakan oleh POST. Salam-Vr",2020-05-03 3:07:14
192,e0acc855-aeb8-427f-b138-cd12303b828b,Lz Angiicang,https://play-lh.googleusercontent.com/a-/AD5-WCmOMihCHMm22p-X2EaC0pYnihUuU7A-88iMpnHFgw,positive,"Aplikasinya bagus Kren banget sangat recommended buat di download,, intinya keren dehhh, nyesel kalo kalian ga cobain DOWNLOAD NOW !!!!!!!!!!!!!!!!!!!!!",5,0,1.41.1,2022-06-23 2:02:52,"Hai POSTpreneur Lz Angiicang, Terima kasih karena telah setia menggunakan aplikasi kasir POST. Kami sangat senang dapat membantu dan memudahkan kamu dalam usaha Anda. Kami harap Anda selalu memiliki pengalaman yang menyenangkan di aplikasi kasir POST. Terima kasih telah mempercayakan bisnis-mu pada POST.",2022-06-23 8:41:52
782,7b10662d-8c1d-4515-a6d4-32b43d53b6ed,murdani lasahidi,https://play-lh.googleusercontent.com/a-/AD5-WCkwjt_GNvH_OSgAXKZ87972TncWKqLwbey9oJNQlg,negative,Ga cocok untuk toko retail atau kelontong. Parah....,1,2,1.24.1,2021-02-07 5:27:19,"Hai murdani lasahidi, mohon maaf atas ketidaknyamanannya, untuk kategoti bisnis retail silahkan klik link berikut https://post.app/aplikasi-kasir-retail/. Apabila ada mamsukan mohon dilainfromasikan kepada kami ke email cs@post.app ya. Semoga bisnis kamu semakin maju dan lancar ya. Salam-PR #BisnisPastiPOST",2021-02-07 5:47:35
529,14463cc1-64a3-457a-92dc-10204abb260b,Mohammad Sidik,https://play-lh.googleusercontent.com/a-/AD5-WCm9U4xIlPgXMu7QNVsrXyExRQLHmyZH55LkqNBi3Q,negative,"Saran kak, jangan diberi nomor antrian, kan dibawahnya juga sudah ada nomor pesanan, kesannya dobel, biar hemat dikertas dan enak pula diliat",4,42,1.30.2,2021-09-16 11:00:43,"Hai Mohammad Sidik, terima kasih atas feedback yang diberikan. Kritik dan saran kamu akan kami teruskan ke tim untuk evaluasi dan pengembangan fitur aplikasi kedepannya. Kami akan selalu berusaha semakin baik lagi agar kenyamanan pelanggan bisa sepenuhnya terpenuhi. Salam -My #BisnisPastiPOST",2021-09-21 12:20:46
261,9983a78b-6beb-4718-abde-fe39068e7be0,Jordan EmJi,https://play-lh.googleusercontent.com/a-/AD5-WCmNvcIgqtQRtY5z3C_hfQ5fuJ7MBIpWiHTn9KS0,positive,"Salah satu aplikasi yang lengkap dalam hal mengurus usaha apalagi dalam hal pengeluaran dan pemasukan bisa dipantau dengan update yang baik, teriintegrasi pula dengan pembayaran digital lain jadi tidak susah kalau mau transaksi",5,0,1.40.1,2022-06-01 8:05:37,"Hai POSTpreneur Jordan EmJi, Terima kasih karena telah setia menggunakan aplikasi kasir POST. Kami sangat senang dapat membantu dan memudahkan kamu dalam usaha Anda. Kami harap Anda selalu memiliki pengalaman yang menyenangkan di aplikasi kasir POST. Terima kasih telah mempercayakan bisnis-mu pada POST.",2022-06-02 10:36:58
67,f355c3a8-ed62-47a9-9ee7-72fd91a4c384,Eka Susanti,https://play-lh.googleusercontent.com/a/AEdFTp4t-ylmtjgU3NGLbkVWI3yj8U-IvvJPuvRd8AQb=mo,neutral,Tlong dibantu ini saldo dimna pembayarnya berhasil uangnya masuk kemana ya,4,0,1.42.5,2022-08-22 12:43:53,"Hai POSTpreneur Eka Susanti, untuk pencairan dana akan masuk rekening terdaftar. Silakan kirimkan detail kendala yang kamu alami beserta file foto atau gambar kendala tersebut melalui Live Chat di menu Bantuan aplikasi atau email cs@post.app untuk kami bantu pengecekan. Terima kasih telah mempercayakan bisnis-mu pada POST.",2022-08-22 23:05:18
1063,d18ed3a2-d4dc-4866-b153-4fa37e3ae81a,Irwan Priambodo,https://play-lh.googleusercontent.com/a-/AD5-WCkVZR-E9rSfhm97l19-NiMbZGZdIh9BXppzIiwgLw,positive,So far so good. Cm usahaku yang belum good üòÇ,5,0,,2020-11-01 7:41:32,"Hai Irwan Priambodo, terima kasih sudah menggunakan aplikasi dan layanan POST. Kami senang mengetahui kamu memiliki pengalaman yang baik dalam menggunakan aplikasi POST. Ayo semangat terus dalam berbisnis ya :) . salam-R",2020-11-01 8:52:32
51,0487a61f-4648-4823-a617-252b21a0424a,Achmad Fachmi,https://play-lh.googleusercontent.com/a-/AD5-WCnvKKaqC7FAw07LcsFZrJEvvNHYfQ7V5lVyrNU2Ug,positive,pengelolaan jadi simpel dan bagus,5,0,1.43.1,2022-10-08 4:45:48,"Hai POSTpreneur Achmad Fachmi, Terima kasih karena telah setia menggunakan aplikasi kasir POST. Kami sangat senang dapat membantu dan memudahkan kamu dalam usaha Anda. Kami harap Anda selalu memiliki pengalaman yang menyenangkan di aplikasi kasir POST. Terima kasih telah mempercayakan bisnis-mu pada POST.",2022-10-11 9:01:20
231,79fae2d0-56e9-4c6f-84d4-5ee562d882b9,hasuri muhaimin,https://play-lh.googleusercontent.com/a-/AD5-WCm9f3_zCW1ZItVcMWVOjT4X0COR9JBNeAnsbh8P,positive,menurut saya aplikasi nya sangat bagus sekali soal nya serba ada serba bisa,5,0,,2022-06-16 7:03:36,"Hai POSTpreneur hasuri muhaimin, Terima kasih karena telah setia menggunakan aplikasi kasir POST. Kami sangat senang dapat membantu dan memudahkan kamu dalam usaha Anda. Kami harap Anda selalu memiliki pengalaman yang menyenangkan di aplikasi kasir POST. Terima kasih telah mempercayakan bisnis-mu pada POST.",2022-06-17 3:24:37
309,d6e327dd-bea9-4b65-b44f-23843e88081d,Aisyah Zafira Rustam,https://play-lh.googleusercontent.com/a-/AD5-WCmqet7s8tE09F3LeUzIzQabu8EfIZRtL743P7TG0w,positive,Dari segi tampilan aplikasi nya user friendly. Apalagi klw kegunaan manta bangetlah. Sangat membantu,5,1,1.39.1,2022-05-19 10:23:14,"Hai POSTpreneur Aisyah Zafira Rustam, Kami senang mengetahui kamu memiliki pengalaman yang baik dalam menggunakan aplikasi kasir POST., Terima kasih telah mempercayakan bisnis-mu pada POST.",2022-05-19 11:14:34
1048,1fe9b948-42cb-44f8-b32d-f3018a5ea0d4,Bayu Eka Saputra,https://play-lh.googleusercontent.com/a/AEdFTp4hWS8wRFyhYCHh2ZdgoyH2LcFn6sunK-1WtwQ3=mo,positive,Aplikasi Kasir dan Pembayaran untuk kelola bisnis. Terima pembayaran wallet dan kartu apapun.,5,0,,2020-11-06 0:06:05,"Hai Bayu Eka Saputra, terima kasih sudah menggunakan aplikasi dan layanan POST. Kami senang mengetahui kamu memiliki pengalaman yang baik dalam menggunakan aplikasi POST. Semoga hari kamu menyenangkan ya. Salam-R #BisnisPastiPOST",2020-11-06 1:13:40
1077,b91c3812-354d-42ee-ba40-38ed71d35dd7,Wara Wiri,https://play-lh.googleusercontent.com/a-/AD5-WCkp8JgOyqHuXyG5MxDTxpx87AK0B5m70yBDaMpVUw,positive,"Mantap....ini baru nama nya aplikasi,cocok bngt buat penjualan toko saya,saya bisa liat anak buah saya dr jarak jauh dan bisa cek keluar barang masuk nya....tetap lancar terus ya buat POST",5,0,,2020-10-15 9:49:26,"Hai Wara Wiri, Terima kasih sudah menggunakan aplikasi dan layanan POST. Kami senang mengetahui kamu memiliki pengalaman yang baik dalam menggunakan aplikasi POST. Semoga hari kamu menyenangkan. Salam-Vr #BisnisPastiPOST",2020-10-15 9:56:38
471,deb5c929-0a33-4c66-b446-00a9860144da,Gabriel Jes,https://play-lh.googleusercontent.com/a/AEdFTp48od8Rorn1uKFK29aF5gCGI18jnjSkQG_qscVD=mo,positive,"Keren nih apk nya,bisa kasir gratis sini dan ga ribet bayar nya,gokil dah pokok nya",5,0,1.33.1,2021-10-30 14:32:54,"Hai POSTpreneur Gabriel Jes, Terima kasih karena telah setia menggunakan aplikasi kasir POST. Kami sangat senang dapat membantu dan memudahkan kamu dalam usaha Anda. Kami harap Anda selalu memiliki pengalaman yang menyenangkan di aplikasi kasir POST. Terima kasih telah mempercayakan bisnis-mu pada POST.",2021-11-29 6:55:55
852,49f18575-8915-42f0-b676-aba8c66b99b4,Herry Chandra,https://play-lh.googleusercontent.com/a/AEdFTp7isBCN_ccdossP8asmBT--KPCG9bn_FzHDZrct=mo,neutral,Printer yang support ke aplikasi post.. namany apa ya??,5,1,1.22.1,2021-01-23 5:54:17,"Hai Herry Chandra, terima kasih atas kepercayaannya sudah menggunakan layanan POST. Terkait dengan Printer maupun perangkat yang support pada aplikasi POST bisa di cek pada link ini ya https://post-app.zendesk.com/hc/id/articles/900003527766-Spesifikasi-Perangkat-Keras-Yang-Sesuai. Semoga bisnis kamu semakin maju dan lancar ya. Salam-PR #BisnisP...",2021-01-23 6:06:23
817,c16f36be-abd6-4e59-9ab7-efe5b8f40a1d,Ida Susanti,https://play-lh.googleusercontent.com/a/AEdFTp5VUtzgMfQzmisvdGMCHa3-4RYP6hREoAXjK6IQ=mo,positive,"Aplikasi yg mudah untuk mengelola bisnis jd jauh lebih mudah,ada fitur menerima semua pembayaran ewallet via post payment.mantap",5,1,1.23.0,2021-01-26 6:46:33,"Hai Ida Susanti, terima kasih atas review yang disampaikan. Semoga kami bisa memberikan pelayanan yang lebih baik lagi ke depannya. Jangan ragu untuk memberikan saran untuk kami yang bisa disampaikan via email ke cs@post.app. Semoga bisnis kamu semakin maju dan lancar ya. Salam-PR #BisnisPastiPOST",2021-01-26 6:57:24
485,72042eb8-7afb-4d31-9725-1f8589dcd75f,Vivi,https://play-lh.googleusercontent.com/a-/AD5-WCmv0E6kgbdtGQkj0V75slvN1hgpKsRJLsqhfTCa_g,positive,Good,5,0,1.32.3,2021-10-20 5:08:51,"Hi POSTpreneur Vivi Novitriyani, We are glad to know that you had a good experience using our app. Thank you for entrusting your business to POST.",2021-12-01 0:42:08
1251,2e0c94d7-01e5-4f42-97ee-10b8dbb9b810,eghaa theblues,https://play-lh.googleusercontent.com/a-/AD5-WCnHKSfuH6R7ImjL4vbS3Wa_K6mU0JrRulGc8ZneSg,positive,Mantaap,5,0,1.6.1,2020-05-30 15:43:04,"Hai eghaa theblues, Terima kasih sudah menggunakan aplikasi dan layanan POST. Kami senang mengetahui kamu memiliki pengalaman yang baik dalam menggunakan aplikasi POST. Semoga hari kamu menyenangkan. Salam-VR",2020-05-31 3:20:54
599,2ef2d4ee-ff72-4c1b-9447-d361b87135ae,Erie Pallimo,https://play-lh.googleusercontent.com/a-/AD5-WCmgam_QgP7GN29g4o-rykxP6vdOvO-3NbaHz0-Oqg,negative,"Saya sudah terlanjur update ke premium dan sudah transfer biaya pendaftaran nya. Ternyata sewaktu mau isi formulir,,,aplikasi ini tidak berlaku untuk wilayah Desa Lingga, kecamatan Lawang Kidul, Kabupaten Muara enim Sumsel... Seolah ada jebakan batmen di aplikasi ini... Kalau anda merasa benar,,tolong kembalikan biaya daftar premium saya..,!",2,2,,2021-07-29 11:50:19,"Hai Erie Pallimo, kami mohon maaf atas kendala yang dialami. Agar dapat kami bantu pengecekan, mohon laporkan kendala tersebut melalui pusat bantuan Live Chat yang ada di aplikasi/dashboard ya, agar dapat kami tangani secepatnya 24/7. Semoga bisnis kamu semakin maju dan lancar ya. Salam-My #BisnisPastiPOST",2021-07-29 13:59:01
451,38467e87-ba04-4881-9ee6-91a5a75b9585,Widiyono Widy,https://play-lh.googleusercontent.com/a-/AD5-WCkOebdHIe1K-B3G1CX4Wkaw33fJwUMERXaF_Z2ezg,positive,"Aplikasi yang bagus, praktis digunakan bagi pelaku bisnis baik dalam menawarkan produk atau rekap administrasi. Terima kasih Min..",5,0,1.33.2,2021-11-01 7:18:35,"Hai POSTpreneur Widiyono Widy, Terima kasih karena telah setia menggunakan aplikasi kasir POST. Kami sangat senang dapat membantu dan memudahkan kamu dalam usaha Anda. Kami harap Anda selalu memiliki pengalaman yang menyenangkan di aplikasi kasir POST. Terima kasih telah mempercayakan bisnis-mu pada POST.",2021-11-25 8:51:25
818,17e7ffba-93e8-4e2b-994e-aa7796382c8b,Diocell Dio,https://play-lh.googleusercontent.com/a/AEdFTp4x53Ls3-ci19Oc7XMC4Y3qElr4zjDJ6x6eeDWF=mo,positive,Mantap aplikasi sangat bagus dan saya jadi mudah untuk kelola bisnis.semua pembayaran e-wallet bisa terima lewat POST ini.Mantap,5,0,,2021-01-26 4:33:53,"Hai Diocell Dio, terima kasih sudah menggunakan aplikasi dan layanan POST. Kami senang dapat membantu memudahkan kamu menjalankan bisnis. Semoga bisnis kamu sukses dan lancar ya :) Salam-S #BisnisPastiPOST",2021-01-26 5:30:31
477,d7c47ce1-d774-44f7-99e6-a80e5c3a8458,Dandi Febrian,https://play-lh.googleusercontent.com/a/AEdFTp6XHcbH6kdqq_3P5pIejVl9P0xxAiNH0ohANaHm=mo,positive,Nah dan yang paling penting di aplikasi ini tuh mudah buat transaksi penjual dan sangat cocok buat bisnis kita aplikasi kasir yang juga gratis juga pokonya,5,0,1.33.1,2021-10-30 6:41:51,"Hai POSTpreneur Dandi Febrian, Terima kasih karena telah setia menggunakan aplikasi kasir POST. Kami sangat senang dapat membantu dan memudahkan kamu dalam usaha Anda. Kami harap Anda selalu memiliki pengalaman yang menyenangkan di aplikasi kasir POST. Terima kasih telah mempercayakan bisnis-mu pada POST.",2021-11-29 7:35:57
70,dbe638e7-f4e8-40b2-b5eb-2bab63e600be,SPV NAT PLB MAZTA,https://play-lh.googleusercontent.com/a-/AD5-WCl0xCPR9rR3LF84mNZtnGU_A0LLuJkYiGTloEAx,negative,Aplikasi ngga bisa proses pembayaran pake QRIS..note nya toko tidak.mendukung padahal sudah sekali transaksi ...tiba tiba tidak bisa..tolong dong bantu ..makasih,3,3,1.42.5,2022-08-14 12:58:31,"Hai POSTpreneur SPV NAT PLB MAZTA, mohon maaf atas ketidaknyamanannya. Silakan kirimkan detail kendala yang kamu alami beserta file foto atau gambar kendala tersebut melalui Live Chat di menu Bantuan aplikasi atau email cs@post.app untuk kami bantu pengecekan. Terima kasih telah mempercayakan bisnis-mu pada POST.",2022-08-15 3:24:29
1228,20d59179-389c-429a-b15b-127b1ebbb4fa,Dyara 03_,https://play-lh.googleusercontent.com/a-/AD5-WCmgI2KoPdXqGkEPWKqJ_PIg4ZvOFjchcTgRmb4LgA,positive,wah baru kali ini aku coba aplikasi ini. keren dan sngat menarik. mudah dipakai..,5,0,1.6.1,2020-06-04 10:43:59,"Hai Dyara 03_, Terima kasih sudah menggunakan aplikasi dan layanan POST. Kami senang mengetahui kamu memiliki pengalaman yang baik dalam menggunakan aplikasi POST. Semoga hari kamu menyenangkan. Salam-R",2020-06-04 10:57:03
796,5ff5cee2-9452-43f8-9a09-2f5bfbfec6e8,Teuku Reggi Fahran,https://play-lh.googleusercontent.com/a-/AD5-WClAE9dNOuGcbFsfFkp85PMU0vDRN1a7FjX2DHfg,neutral,Ini gratis selamanya atau harus upgrade berbayar?,5,0,1.23.0,2021-01-30 13:34:43,"Hai Teuku Reggi Fahran, kamu bisa menggunakan secara gratis namun hanya fitur tertentu yang bisa digunakan. Jika ingin menggunakan semua fitur, kamu bisa upgrade ke premium dengan biaya tertentu. Jika masih ada petanyaan, jangan ragu menghubungi kami di email cs@post.app. Salam-SS- #BisnisPastiPOST",2021-01-30 13:46:29
1101,38ea6cd2-a3c3-4d0b-b959-fea823ca1d67,Lekri Ayamgoreng,https://play-lh.googleusercontent.com/a-/AD5-WClABSe9w1koaTLuQ90YoQ1vW3IeSrVsMigRTlKIpQ,neutral,Ok terimakasih respond nya..akan saya cobo lagi nanti,3,1,1.13.0,2020-09-11 1:30:00,"Hai Lekri Ayamgoreng, Terima kasih sudah menggunakan aplikasi dan layanan POST. Jika kamu tidak mengalami kendala pada aplikasi POST, mohon bantu kami dengan memberikan rating 5 Bintang. Kami akan terus berusaha memberikan kualitas serta pelayanan yang terbaik. Salam-Vr #BisnisPastiPOST",2020-09-11 1:51:41
930,ee253806-2dc5-4127-80f5-2eb4ceae28a3,Ricky Alexander,https://play-lh.googleusercontent.com/a/AEdFTp4xDU4NiFGsAyJd44iIkwWaPda2p6Wpjjh3A4-4LA=mo,neutral,Bisa bayar fitur premium melalui e-money gak developer? Selain melalui Virtual Account. Terima kasih,5,0,1.21.0,2021-01-05 12:36:45,"Hai Ricky Alexander, terima kasih atas review yang disampaikan. Mohon maaf untuk pembayaran berlangganan hanya tersedia melalui Virtual Account saja ya. Salam-PR #BisnisPastiPOST",2021-01-05 13:09:43
486,862d1cbb-a4df-40e6-977c-116b8002ed31,dzo culinary,https://play-lh.googleusercontent.com/a-/AD5-WCndLUFIvIw3hqEBwM5EM4RDj2EkJg3Yni-dB79T,negative,"Sangat buruk, pelayanan customer service buruk",1,1,1.32.3,2021-10-20 0:56:12,"Hai POSTpreneur dzo culinary, bantu kami menjadi lebih baik dengan mengirimkan saran dan kritik kamu terkait aplikasi kasir POST melalui Live Chat atau email cs@post.app.Terima kasih telah mempercayakan bisnis-mu pada POST.",2021-12-01 3:17:17
598,f4af4400-9d34-4db2-9a3c-f8b0892a5ced,Kenzo Xvvv,https://play-lh.googleusercontent.com/a/AEdFTp7SQuWPDd1UVe3Xm4eOPS3UmeVmHlLxzkfmNmnF=mo,negative,Najis,5,0,1.28.2,2021-07-30 20:08:13,"Hai Kenzo Xvvv , terima kasih atas kepercayaan kamu pada aplikasi dan layanan POST. Kami berharap kamu memiliki pengalaman yang baik dalam menggunakan aplikasi POST. Jika ada kritik dan saran ataupun informasi yang dibutuhkan, silahkan hubungi kami di cs@post.app. Semoga bisnis kamu semakin maju dan lancar ya. Salam-My #BisnisPastiPOST",2021-08-02 0:26:24
430,895cd734-487d-4ed3-a681-ef3002607f97,sambas rehan,https://play-lh.googleusercontent.com/a/AEdFTp4VZz_FqtCwaltQlt2LlIEqCBzE5ad311yy81Kl=mo,positive,apk ini emang sangat bagus sekali karena gak ribet sama sekali mau transaksi apapun gampang banget di apk post ini,5,0,1.33.2,2021-11-04 12:21:09,"Hai POSTpreneur sambas rehan, Terima kasih karena telah setia menggunakan aplikasi kasir POST. Kami sangat senang dapat membantu dan memudahkan kamu dalam usaha Anda. Kami harap Anda selalu memiliki pengalaman yang menyenangkan di aplikasi kasir POST. Terima kasih telah mempercayakan bisnis-mu pada POST.",2021-11-26 9:42:15
1348,f9588479-85ff-4d6a-81da-038bb935ce8e,Pengguna Google,https://play-lh.googleusercontent.com/EGemoI2NTXmTsBVtJqk8jxF9rh8ApRWfsIMQSt2uE4OcpQqbFu7f7NbTK05lx80nuSijCz7sc3a277R67g,positive,"Aplikasi Moga bermanfaat untuk warung saya.. alangkah baiknya aplikasinya bukan trial,, tapi gratisüôèüôè",5,2,1.4.0,2020-04-10 2:38:54,"Hai Glora wulan, Terima kasih sudah menggunakan aplikasi dan layanan POST.Kami informasikan untuk akun Trial juga akun gratis ya. Semoga hari kamu menyenangkan. Salam-VR",2020-04-10 3:53:48
946,eb0ce14b-640d-417d-8301-54a0078224a0,Afoec Cell,https://play-lh.googleusercontent.com/a-/AD5-WCniFIwZQlIx5WFXCtN15gQSr2W0OAia_YTGvyAawA,neutral,Delka Leacandra ....,5,0,,2020-12-20 13:34:05,"Hai Afoec Cell, terima kasih sudah menggunakan aplikasi dan layanan POST. Kami senang mengetahui kamu memiliki pengalaman yang baik dalam menggunakan aplikasi POST. Semoga bisnis kamu semakin maju dan lancar ya. Salam-R #BisnisPastiPOST",2020-12-21 6:42:27
1172,9e8731d1-aa9d-4eb1-af1f-0a38225326b8,Egi Risman Pirmansyah,https://play-lh.googleusercontent.com/a-/AD5-WCnJsgjtt7NdCmtlv90vholIKOcJFaf1al1NRRutDQ,positive,"Aplikasi sudah bagus dan simple,masukan tolong dong manjemen stock ny d satuin aja g harus buka post app,soalnya kan fitur tambahan barang nya juga di post bukqn di post app",4,7,1.10.2,2020-07-27 10:26:46,"Hai Pracekha Rafania, Terima Kasih telah menggunakan layanan POST. Saran dari kamu akan kami tampung sebagai pengembangan Layanan/Aplikasi POST. Salam-Vr",2020-07-28 1:11:32
78,1dc55051-4d90-41fd-9234-0b515607223e,Boombayah Drink,https://play-lh.googleusercontent.com/a/AEdFTp46QmMk5zsiaRGQ7i0vuISo0KZye9zpCOq4JIfR=mo,positive,"Terima kasih, aplikasi sangat membantu usaha saya",5,0,,2022-08-07 12:14:46,"Hai POSTpreneur Boombayah Drink, Terima kasih karena telah setia menggunakan aplikasi kasir POST. Kami sangat senang dapat membantu dan memudahkan kamu dalam usaha Anda. Kami harap Anda selalu memiliki pengalaman yang menyenangkan di aplikasi kasir POST. Terima kasih telah mempercayakan bisnis-mu pada POST.",2022-08-07 16:16:51
665,10ed7625-038a-448a-a892-52962977bbfb,Maio Sonic,https://play-lh.googleusercontent.com/a-/AD5-WCkscHmsHdcp7vVtqYE77638LbHzsFG4dL0NFoCIeg,negative,HACK,1,0,1.26.3,2021-05-12 8:50:57,"Hai Maio Sonic, mohon maaf atas ketidaknyamanannya, jika kamu mengalami kendala mohon dilaporkan melalui pusat bantuan yang ada di aplikasi POST ya. Semoga bisnis kamu semakin maju dan lancar ya. Salam-PR #BisnisPastiPOST",2021-05-12 9:02:53
660,2a4c93f0-d19f-4fbf-999d-d21379f74c9a,081295595758 Zieda,https://play-lh.googleusercontent.com/a/AEdFTp5Tidi7eEhrEKkJ-u_wxCEmtr_HXyGFcAzOSzgD=mo,positive,Ok,5,0,1.25.2,2021-05-16 12:18:34,"Hai 081295595758 Zieda, terima kasih sudah menggunakan aplikasi dan layanan POST. Kami senang mengetahui kamu memiliki pengalaman yang baik dalam menggunakan aplikasi POST. Semoga bisnis kamu semakin maju dan lancar ya. Salam-U #BisnisPastiPOST",2021-05-17 3:13:23
560,12c5d2be-f4b6-4a64-bcd8-aa70a88a65f9,Wala wala,https://play-lh.googleusercontent.com/a/AEdFTp5ltM9yRxag4_2ljUhVoRsOqL2eNlgHoIwsWHjv=mo,positive,Siiipppp,5,0,1.29.0,2021-08-27 0:12:19,"Hai Wala Wala, terima kasih atas kepercayaan kamu pada aplikasi dan layanan POST. Kami senang mengetahui kamu memiliki pengalaman yang baik dalam menggunakan aplikasi POST. Jika ada kritik dan saran ataupun informasi yang dibutuhkan, silahkan hubungi kami di cs@post.app. Semoga bisnis kamu semakin maju dan lancar ya. Salam-My #BisnisPastiPOST",2021-08-30 6:03:21
237,ed77829c-5711-41b2-999c-733a9c4ea6b4,mocikun _13,https://play-lh.googleusercontent.com/a-/AD5-WCnlvDsvjCPkZq-wH_Vlu6MTvkwFtUdpjat0bbbf,positive,"Mantap abis aplikasi ini soalnya pendaftaran QRIS nya gak ribet, simple, dan transaksi jadi lancar deh ‚ù§‚ù§‚ù§‚ù§ü•∞",5,0,1.33.2,2022-06-16 6:56:16,"Hai POSTpreneur mocikun _13, Kami senang mengetahui kamu memiliki pengalaman yang baik dalam menggunakan aplikasi kasir POST., Terima kasih telah mempercayakan bisnis-mu pada POST.",2022-06-01 13:45:27
29,a4fc4cee-5e7a-4d01-a978-16881d970627,Fiki Andika,https://play-lh.googleusercontent.com/a-/AD5-WCkYkMLJmasH8sDwxiurTEP0hR3GZWJLlawtfPvopQ,negative,"Mohon ditambahkan biaya kirim yang bisa diedit sebelum proses bayar. Karena untuk penjualan melalui layanan pesan antar, seller perlu menambahkan biaya kirim.",4,0,1.44.0,2022-11-30 6:21:10,"Hai POSTpreneur Fiki Andika, Terima Kasih telah menggunakan aplikasi kasir POST. Kami akan menjadikan masukan Anda untuk pengembangan produk kami. Semoga kedepannya bisa lebih lengkap untuk fitur dan layanan aplikasi kami. Terima kasih telah mempercayakan bisnis-mu pada POST.",2022-12-01 5:44:12
1265,1b2c8363-053e-4e9a-970e-6e8876c30597,Ci Cimole,https://play-lh.googleusercontent.com/a-/AD5-WCnYPHSMAguVXSFedGfOiZn9iBnvWuSPaR-CYzHkVw,positive,Good,5,0,1.6.1,2020-05-27 18:01:13,"Hai Ci Cimole, Terima kasih sudah menggunakan aplikasi dan layanan POST. Kami senang mengetahui kamu memiliki pengalaman yang baik dalam menggunakan aplikasi POST. Semoga hari kamu menyenangkan. Salam-VR",2020-05-28 1:03:30
1230,fa271014-6bed-46a6-a2cb-0723227529a4,Piping Christian,https://play-lh.googleusercontent.com/a-/AD5-WCl7YbLaRIsqREaVKeowo99FC-DbfFW6WOQvrrPI,positive,Sangat bermanfaat .. siiipppp A.F,5,0,1.6.1,2020-06-04 5:13:14,"Hai Piping Christian, Terima kasih sudah menggunakan aplikasi dan layanan POST. Kami senang mengetahui kamu memiliki pengalaman yang baik dalam menggunakan aplikasi POST. Semoga hari kamu menyenangkan. Salam-R",2020-06-04 6:15:18
1050,043bf709-8c08-4434-859d-b0e9ad6b166f,annisa wulandari,https://play-lh.googleusercontent.com/a/AEdFTp6pgnNae-seVTINZfukTss6GSydF-hylrve7DmQ=mo,positive,terimaksih post telah membantu bisnis saya,5,0,1.18.1,2020-11-05 9:04:57,"Hai annisa wulandari, terima kasih sudah menggunakan aplikasi dan layanan POST. Kami senang mengetahui kamu memiliki pengalaman yang baik dalam menggunakan aplikasi POST. Semoga bisnis kamu semakin maju dan lancar ya. Salam-Vr #BisnisPastiPOST",2020-11-05 9:57:38
316,eaf74aa6-2f8f-462f-9c00-e2b886a23eb1,Abriyanto Guntur,https://play-lh.googleusercontent.com/a-/AD5-WCkQ7EMij4rd9yK3AYExWjNnKZnsXSbb5QsR2xDFAA,negative,jelek,1,0,,2022-05-09 14:20:37,"Hai POSTpreneur Abriyanto Guntur, bantu kami menjadi lebih baik dengan mengirimkan saran dan kritik kamu terkait aplikasi kasir POST melalui Live Chat atau email cs@post.app.Terima kasih telah mempercayakan bisnis-mu pada POST.",2022-05-10 7:36:57
1247,3556e61b-f780-4cd6-9fad-1b4d92c8c1c4,Tentang Deva,https://play-lh.googleusercontent.com/a-/AD5-WCnynmdGmLq-J1Q8CUD_yIGQzuqIu9qqXdsfgcOg,positive,jos,5,0,1.6.1,2020-05-31 22:15:37,"Hai deva saputra, Terima kasih sudah menggunakan aplikasi dan layanan POST. Kami senang mengetahui kamu memiliki pengalaman yang baik dalam menggunakan aplikasi POST. Semoga hari kamu menyenangkan. Salam-VR",2020-06-01 3:17:10
367,efc4ce91-9e12-4409-a9b3-d518171d11d5,RILO TAMBUDI,https://play-lh.googleusercontent.com/a-/AD5-WCmpg90M9QbreGhY5nnkTCezoHDVVcPuJaOmhx5p_Q,negative,"DETAIL TUNAI & NON-TUNAI bagian SHIFT skrg malah dihilangkan ?Msh ada tp detil belanjaan NAMANYA GA ADA ?Biasanya GOJEK, GOFOOD, GRABFOOD, DLL selalu ada dibagian shift, UDAH BAGUS2 malah pas update HILANG ! JGN BNYK UPDATE ! ENAK KALO BGS, INI MALAH BIKIN SUSAH ! *Balasan : Saya tau mslh detil TUNAI & NONTUNAI nya, yg saya mslhkan adlh detil GOFOOD, GRABFOOD, ShopeeFood, Dll nya itu HILANG dibagian Pemasukan, paham ? Buat apa disuruh pilih METODE PEMBAYARAN klo pas mau REKAP SHIFT malah HILANG",1,0,,2022-02-18 6:38:51,Halo POSTpreneur Rilo Tambudi! Dalam update v. 1.37.2 kami masih menyediakan Tunai & Non Tunai dalam detail shift. Kamu hanya perlu ke 'Kelola Toko' lalu 'Shift' untuk memilih detail informasi yang ingin kamu cetak di laporan shift. Terima kasih telah menggunakan aplikasi kasir POST!,2022-02-18 6:32:42
49,8033d15f-d4be-461d-80e5-f58d3941e6a1,Hasan Fauzan,https://play-lh.googleusercontent.com/a/AEdFTp6I5Lfce3Vwwkrsdyj96BmpmcUB4sFr_O3JrsIp=mo,negative,Ga jelas daftar aja ga bisa.,1,0,1.43.2,2022-10-10 10:49:10,"Hai POSTpreneur Hasan Fauzan, mohon maaf atas ketidaknyamanannya. Silakan kirimkan detail kendala yang kamu alami beserta file foto atau gambar kendala tersebut melalui email cs@post.app untuk kami bantu pengecekan. Terima kasih telah mempercayakan bisnis-mu pada POST.",2022-10-11 9:16:07
1252,558e9558-6a88-494d-b896-be229b16ed88,Sahabat Setia,https://play-lh.googleusercontent.com/a-/AD5-WCnDp8LfSra6U0UFntjCXRLnHaMVu_eHuRRUOwc-bg,positive,"kasih 4 dulu baru coba,tapi toko sy sudah lama pake applikasi payfazz untuk penjualan pulsa dari perusahaan yg sama..",4,0,1.6.1,2020-05-29 22:53:04,"Hai usman daeng, Terima kasih sudah menggunakan aplikasi dan layanan POST. Kami senang mengetahui kamu memiliki pengalaman yang baik dalam menggunakan aplikasi POST. Semoga hari kamu menyenangkan. Salam-R",2020-05-30 3:32:50
888,2da96453-5c00-4fc9-a46a-c846526981eb,Taufik Taufik,https://play-lh.googleusercontent.com/a/AEdFTp7EdXNgHLWGfekTovOJBaAkLEKtwRaTTemNI-Zf=mo,positive,"Fitur yg sangat lengkap untuk mempermudah hasil transaksi saya,dan POST payment ini sudah bisa diterima oleh semua pembayaran e-wallet sehingga sangat mudah melakukan pembayaran transaksi di toko sayadan sangat mudah kelola Toko dengan fitur2 yg sudah tersedia",5,1,1.23.0,2021-01-21 11:54:58,"Hai Taufik Taufik, terima kasih atas kepercayaannya sudah menggunakan layanan POST. Review Kamu sangat berarti bagi Kami untuk memberikan pelayanan yang lebih baik lagi. Jika ada kritik dan saran ataupun informasi yang masih dibutuhkan, silahkan menghubungi Kami di cs@post.app. Semoga bisnis kamu semakin maju dan lancar ya. Salam-PR #BisnisPasti...",2021-01-21 12:23:25
494,0b4a2ff2-4fc6-4a15-ac3b-65d7d58ddfa0,Halim and Family,https://play-lh.googleusercontent.com/a/AEdFTp7p8WHh2fIKcLtsZqC3y8OiOGUa-RWl7ttuUQgC=mo,positive,mantap,5,0,1.32.1,2021-10-16 12:49:35,"Hai POSTpreneur Nissa Hafiza, Kami senang mengetahui kamu memiliki pengalaman yang baik dalam menggunakan aplikasi kasir POST., Terima kasih telah mempercayakan bisnis-mu pada POST.",2021-12-16 11:08:33
1178,8eb66e0b-ec83-4005-a83e-cd806500f906,Reksahari Y Mamonto,https://play-lh.googleusercontent.com/a-/AD5-WCm_duoZOrjCEDGRGGIXwP3iWNdCO_PLejjetgB4ew,positive,Aplikasinya bagus. Cuman ga bisa kirim struk digital,5,0,,2020-07-16 11:43:30,"Hai Reksa Hari, Terima kasih sudah menggunakan aplikasi dan layanan POST. Kirim struk digital bisa dilakukan pada aplikasi POST dengan tujuan melalui email. Semoga hari kamu menyenangkan. Salam-Vr",2020-07-17 6:20:55
816,7f778710-0ecd-48fa-b271-4ff3c3213175,Chusnul Marati,https://play-lh.googleusercontent.com/a/AEdFTp7L-YCajSg9xeIwico3TyJfX3Puu8mTYwyyJul2=mo,positive,Sangat membantu usaha car wash saya. Saat ini banyak sekali customer saya yang menanyakan tentang pembayaran via e-wallet. Kini kelola bisnis bisa lebih mudah melalui aplikasi POST krn sdh menyediakan sistem pembayaran e-wallet. Recomended untuk yang punya bisnis yg memerlukan pembayaran e-wallet. Terima kasih POST,5,0,,2021-01-26 8:16:57,"Hai Chusnul Marati, terima kasih atas kepercayaannya sudah menggunakan layanan POST. Review Kamu sangat berarti bagi Kami untuk memberikan pelayanan yang lebih baik lagi. Jika ada kritik dan saran ataupun informasi yang masih dibutuhkan, silahkan menghubungi Kami di cs@post.app. Semoga bisnis kamu semakin maju dan lancar ya. Salam-PR #BisnisPast...",2021-01-26 8:45:11
984,5188c87c-7c2d-4d13-bd4f-cd172ea3d77a,Stonez Blessyou,https://play-lh.googleusercontent.com/a/AEdFTp4x62fATJSdUsvaNjK5zkNETZiH6PrszDokhWRf=mo,negative,Ngga bisa si instal gagal teruss,1,0,,2020-11-23 21:56:44,"Hai Stonez Blessyou,Mohon maaf atas ketidaknyaman yang kamu alami ya. Terkait kendala kamu mohon dapat melakukan pelaporan kepada kami di cs@post.app ya dengan melampirkan screnshoot kendala kamu ya. Salam-R",2020-11-24 2:40:18
350,5aca3d9d-6e33-4fd5-96d0-71a45daeb2e0,rendy rivaldi,https://play-lh.googleusercontent.com/a-/AD5-WCncT62r-w7M9wweU5CzZjvTeiSlzFFG94pW66qU,neutral,Nc,5,0,1.38.1,2022-03-29 17:29:09,"Hai POSTpreneur rendy rivaldi, Kami senang mengetahui kamu memiliki pengalaman yang baik dalam menggunakan aplikasi kasir POST., Terima kasih telah mempercayakan bisnis-mu pada POST.",2022-03-30 11:04:27
76,86b53b1c-223a-493b-8b92-22118e4d3ff1,Ani Marisa,https://play-lh.googleusercontent.com/a-/AD5-WCkMZTkGL5wq2WHkwdq9Wx3vezLOGSkx10NBMaBp,positive,Baru download dan baru pake Alhamdulillah membantu bngt buat yg awal usaha Smoga aplikasi tetep sederhana tetep lancar gda gangguan,4,0,1.42.5,2022-08-09 10:51:50,Hai POSTpreneur Ani Marisa. Terima kasih karena telah menggunakan aplikasi kasir POST. Kami sangat senang dapat membantu dan memudahkan kamu dalam usaha Anda. Kami harap Anda selalu memiliki pengalaman yang menyenangkan di aplikasi kasir POST. Terima kasih telah mempercayakan bisnis-mu pada POST.,2022-08-09 13:23:58
823,6e7bb229-6786-4d28-80e5-ea1a92b4daba,Kopat Ajino,https://play-lh.googleusercontent.com/a/AEdFTp4ez7mQjk3_p0-3F02cCBDgi2Szmt2h-bR-Z5K1=mo,positive,"Semenjak saya dan keluarga saya mengunakan aplikasi PoST payment ini, bisnis saya jadi lebih mudah karna telah di bantu fitur2 ewallet yang ada di sistem post.",5,0,,2021-01-25 23:00:52,"Hai Kopat Ajino, terima kasih sudah menggunakan aplikasi dan layanan POST. Kami senang mengetahui kamu memiliki pengalaman yang baik dalam menggunakan aplikasi POST. Nantikan fitur menarik kembali di POST ya. Salam-R #BisnisPastiPOST",2021-01-26 1:19:40
999,ef6e2c6e-83d3-4975-8bc3-ff23f415370b,Toko Outdoor Inhu,https://play-lh.googleusercontent.com/a/AEdFTp64IQ2Jl4A7uGliop387y9zerCpBwf5kzpJcvsw=mo,positive,"Aplikasi kasir ini sangat rekomended banget untuk usaha kuliner ataupun yang lainnya,kita bisa tau jumlah produk yang kita jual dan pembayaran nya tidak hanya uang cash saja,bisa pakai aplikasi yang mendukung POST tsbt.",5,0,1.12.0,2020-11-20 4:38:51,"Hai Jamilan Alwi Nopa, SE, terima kasih atas kepercayaannya sudah menggunakan layanan POST. Review Kamu sangat berarti bagi Kami untuk memberikan pelayanan yang lebih baik lagi. Jika ada kritik dan saran ataupun informasi yang masih dibutuhkan, silahkan menghubungi Kami di cs@post.app. Semoga bisnis kamu semakin maju dan lancar ya. Salam-Vr #Bis...",2020-11-20 6:36:58
787,35cebdfd-c693-43e2-b8e1-e52cd912b362,Iqbal Jubay,https://play-lh.googleusercontent.com/a/AEdFTp56Eoi2B35gFf0mkkAdd-O-XQRAL2C0Gu83_iMg=mo,positive,Sangat membantu,5,0,1.23.0,2021-02-03 9:55:38,"Hai Iqbal Jubay, terima kasih atas review yang disampaikan. Semoga kami bisa memberikan pelayanan yang lebih baik lagi ke depannya. Jangan ragu untuk memberikan saran untuk kami yang bisa disampaikan via email ke cs@post.app. Semoga bisnis kamu semakin maju dan lancar ya. Salam-PR #BisnisPastiPOST",2021-02-03 10:00:43
778,6263f77f-e74e-4f43-b519-c51b947a3006,Dede Haryanto,https://play-lh.googleusercontent.com/a-/AD5-WClLStcblnGxkL_ErObEIIEDWdBZ3jSuDzbZ55pPZw,positive,"Salam sejatra semua saya merasa senang terhadap Post; Aplikasi kasir , poin of sale sangeut membantu trimakasih Dede Haryanto 1F porpil 1Facebook modelator Grup publik pemegang amanah dan amanat dari BPK Bungkarno dari Bandung Jawa barat indonesion",5,1,,2021-02-09 8:31:28,"Hai Dede Haryanto, terima kasih sudah menggunakan aplikasi dan layanan POST. Kami senang mengetahui kamu memiliki pengalaman yang baik dalam menggunakan aplikasi POST. Semoga bisnis kamu semakin maju dan lancar ya. Salam- A#BisnisPastiPOST",2021-02-09 8:46:49
861,bebdeca2-5874-4157-a762-bf6c3f56ad70,Ulfiatul Fitroh,https://play-lh.googleusercontent.com/a/AEdFTp4llrFFhZjzjdWjRfPzOB10d5wSpWnTgNwzTFuu=mo,positive,"Aplikasi yg bagus buat mengelola bisnis saya dgn mudah,dan sudah bisa menerima pembayaran semua ewallet di post payment",5,0,,2021-01-23 1:48:32,"Hai Ulfiatul Fitroh, terima kasih atas review yang disampaikan. Kami harap Kamu memilki pengalaman menyenangkan dengan kami. Apabila Kamu memiliki pertanyaan atau kendala silakan menginformasikan melalui email cs@post.app ya. Semoga bisnis kamu semakin maju dan lancar ya. Salam-PR #BisnisPastiPOST",2021-01-23 4:09:53
630,fd956e35-dc08-4361-8775-aeeb847fc2d7,Lalu Mutawalli,https://play-lh.googleusercontent.com/a/AEdFTp7lIczq-nOyz__GNDlwvIF0cT1Lj7_fXJX8dk6v=mo,positive,"Aplikasi bagus, mudah untuk pembuatan struk dan perekaman transakasi. Satu menjadi kekurangan untuk model bisnis saya jasa sablon. Kekurangan pada saat costumer melakukan pembayaran dengan model DP (uang muka) setelah pesanan jadi baru customer melunasi sisa pembayaran. Cz Rata2 customer saya melakukan pembayaran dengan metode DP. Semoga bisa ada tambahan fitur dengqn metode pembayaran DP.",4,20,1.27.0,2021-07-04 22:53:49,"Hai Lalu Mutawalli, terima kasih atas feedback yang diberikan. Kritik dan saran kamu akan kami teruskan ke tim untuk evaluasi dan pengembangan fitur aplikasi kedepannya. Kami akan selalu berusaha semakin baik lagi agar kenyamanan pelanggan bisa sepenuhnya terpenuhi. Salam -My #BisnisPastiPOST",2021-07-06 8:46:11
44,ae1c373f-7b23-420a-b0d7-b02c06d0701c,abdul Rasyid,https://play-lh.googleusercontent.com/a-/AD5-WCml47aGYYyPyIxouJGb3ky57KRnADX_9F8srn0C,negative,Tdk paham,1,0,,2022-10-26 3:57:07,"Hai POSTpreneur abdul Rasyid, silakan kirimkan detail kendala yang kamu alami beserta file foto atau gambar kendala tersebut melalui Live Chat atau email cs@post.app agar dapat kami bantu. Terima kasih telah mempercayakan bisnis-mu pada POST.",2022-10-27 3:42:12
1401,f38faf3c-0912-4077-975e-4e30f1cbf163,Pengguna Google,https://play-lh.googleusercontent.com/EGemoI2NTXmTsBVtJqk8jxF9rh8ApRWfsIMQSt2uE4OcpQqbFu7f7NbTK05lx80nuSijCz7sc3a277R67g,positive,Ok,5,0,1.0.0,2020-01-31 9:33:03,"Hi Kak kurnia widyastuti, terima kasih karena telah setia menggunakan layanan POST. Kami sangat senang dapat membantu dan memudahkan kakak dalam mengatur transaksi serta pencatatan bisnis. Kami harap Kakak selalu memiliki pengalaman yang menyenangkan menggunakan aplikasi POST. Terima kasih. :) -Nia",2020-04-27 5:06:44
1074,a9baa0ea-3837-4786-b57f-a8829515c8b3,Ahmad Agus S,https://play-lh.googleusercontent.com/a-/AD5-WCnRG6N6hTmJy2YLsKWKkzm7FZPITmeV4B-Pp-NDvA,positive,Mantul mantapppp,5,0,1.16.0,2020-10-17 9:12:43,"Hai Mlaku Dolan, terima kasih sudah menggunakan aplikasi dan layanan POST. Kami senang mengetahui kamu memiliki pengalaman yang baik dalam menggunakan aplikasi POST. Semoga bisnis kamu semakin maju dan lancar ya. Salam-Vr #BisnisPastiPOST",2020-10-17 9:24:23
1102,68bdc417-5216-4bfc-a22c-c23fa5adb9e1,mujito mujitohadiwiyono,https://play-lh.googleusercontent.com/a/AEdFTp48rCOW8IUdvoI0-vRb5CHEnvWhL7iCGCT1mCMz=mo,positive,Saya suka design bagus. Bisa integrasi payment system juga. Semoga makin banyak fitur lainnya ya terutama untuk mendukung loyalty pelanggan,5,12,1.12.0,2020-09-09 9:28:04,"Terima kasih Mujito atas harapan dan sarannya, berkat dukungan kamu juga, kami dapat terus berkembang. Kami senang mengetahui kamu memiliki pengalaman yang baik dalam menggunakan aplikasi POST. Semoga hari kamu menyenangkan. Salam-TAS",2020-09-09 9:35:02
461,4f50a0ae-39d9-4606-a206-e64b6785c38d,Ridwan Taufik,https://play-lh.googleusercontent.com/a-/AD5-WCllWdK-SSg0vTBhER33CmEJ1BXnn4h-NpNDUkHK,negative,Kurang bagus... Cara penjualanya.. Kecew,1,0,1.33.2,2021-10-31 15:21:45,"Hai POSTpreneur Ridwan Taufik, bantu kami menjadi lebih baik dengan mengirimkan saran dan kritik kamu terkait aplikasi kasir POST melalui Live Chat atau email cs@post.app.Terima kasih telah mempercayakan bisnis-mu pada POST.",2021-11-29 6:29:55
239,309e3adc-68eb-4037-9e30-3d2e0903ecc1,zubaidah amin,https://play-lh.googleusercontent.com/a-/AD5-WCl5bDg5bckY4OoBXj3munxxPRGNydp3F93xPL0cnw,positive,Aplikasinya sangat membantu sekali untuk usaha saya semua transaksi sekarang gak tercecer lagi tercatat dengan baik,5,0,1.40.1,2022-06-16 4:23:36,"Hai POSTpreneur zubaidah amin, Terima kasih karena telah setia menggunakan aplikasi kasir POST. Kami sangat senang dapat membantu dan memudahkan kamu dalam usaha Anda. Kami harap Anda selalu memiliki pengalaman yang menyenangkan di aplikasi kasir POST. Terima kasih telah mempercayakan bisnis-mu pada POST.",2022-06-17 3:15:45
247,964d9508-1b58-4ac4-ba38-83279662e445,Orang Waras,https://play-lh.googleusercontent.com/a/AEdFTp4755ojtlGc8Ga-4Rz42i3GlavcSe75UmGRIkpP=mo,positive,"Aplikasi post app rekomendasi banget,karena cocok untuk pembisnis kayak aku dan semua transaksi gak kececer lagi.Kalau download gak akan rugi!",5,0,,2022-06-16 3:56:31,"Hai POSTpreneur Orang Waras, Kami senang mengetahui kamu memiliki pengalaman yang baik dalam menggunakan aplikasi kasir POST., Terima kasih telah mempercayakan bisnis-mu pada POST.",2022-06-01 10:03:04
651,635454b9-1097-4397-941d-de55431066b0,amanda jung,https://play-lh.googleusercontent.com/a-/AD5-WClEOG_Pvlqoixp1HkdeQHzq5IfpNlQq-GPkGEan,negative,Tidak bisa buat akun baru. Susah masuknya,3,1,1.26.3,2021-06-01 14:29:42,"Hai Amanda Jung, sangat disayangkan kamu mengalami kendala dalam membuat akun baru. Agar dapat kami bantu, mohon laporkan kendala tersebut melalui pusat bantuan Live Chat yang ada di aplikasi/dashboard ya, agar dapat kami tangani secepatnya 24/7. Semoga bisnis kamu semakin maju dan lancar ya. Salam-My #BisnisPastiPOST",2021-07-06 8:01:29
558,415f9f1d-eda8-4a86-88f2-56b04c76d46b,Eno Ju,https://play-lh.googleusercontent.com/a/AEdFTp4P8TfjXw3mBSkP7B9Lyt5pH3CUSIkpuh46CFeGYA=mo,positive,Membantu untuk berbisnis sepertinya,1,0,1.29.0,2021-08-27 14:33:36,"Hai Eno Ju, terima kasih atas kepercayaan kamu pada aplikasi dan layanan POST. Kami senang mengetahui kamu memiliki pengalaman yang baik dalam menggunakan aplikasi POST. Jika ada kritik dan saran ataupun informasi yang dibutuhkan, silahkan hubungi kami di cs@post.app. Semoga bisnis kamu semakin maju dan lancar ya. Salam-My #BisnisPastiPOST",2021-08-30 6:03:54
847,ac826ea1-b9b6-4140-8960-6118bd24100f,Fahmy Fadhil,https://play-lh.googleusercontent.com/a/AEdFTp5P22z0vcSG18gSIg_uS55cUHSh_Pj9eAil2LRq=mo,negative,Gak jelas,1,0,,2021-01-24 6:10:13,"Hai Fahmy Fadhil, mohon maaf atas ketidaknyamanannya, jika kamu mengalami kendala, saran dan kritik dengan aplikasi POST, mohon bantuan nya melaporkan hal tersebut ke email cs@post.app agar dapat kami bantu pengecekan ya. Semoga bisnis kamu semakin maju dan lancar ya. Salam-PR #BisnisPastiPOST",2021-01-24 6:19:54
303,1915bc22-dec7-4f35-8c63-66865aafdb79,eko prasetyo,https://play-lh.googleusercontent.com/a/AEdFTp4dJddYGhNOkZxOj5_4Q4KMUbXd0LjcDEJQldPw=mo,negative,muter muter mulu pairing ke printer,1,0,,2022-05-23 2:06:17,"Hai POSTpreneur eko prasetyo, mohon maaf atas ketidaknyamanannya. Silakan kirimkan detail kendala yang kamu alami beserta file foto atau gambar kendala tersebut melalui Live Chat atau email cs@post.app untuk kami bantu pengecekan. Terima kasih telah mempercayakan bisnis-mu pada POST.",2022-05-25 1:06:26
198,081727b4-f4fe-4263-8606-70b7f3bbd128,Reza Akbar darmawan,https://play-lh.googleusercontent.com/a-/AD5-WClVTk7kjaLAljZu8N3s_d6MPHS1fNK4jLpIVRAf,negative,Habis di instal tidak bisa di buka,1,0,1.40.1,2022-06-19 4:20:53,"Hai POSTpreneur Reza Akbar darmawan, mohon maaf atas ketidaknyamanannya. Silakan kirimkan detail kendala yang kamu alami beserta file foto atau gambar kendala tersebut melalui Live Chat atau email cs@post.app untuk kami bantu pengecekan. Terima kasih telah mempercayakan bisnis-mu pada POST.",2022-06-22 5:41:02
1067,5e71e9e0-6f8e-4958-84ca-e281c33d5c19,like Hip hop,https://play-lh.googleusercontent.com/a/AEdFTp41_B2hec1b6yGP2hHHk-8_BxYPiK16cKiYvaTM=mo,neutral,Sambil belajar menyayi,1,0,,2020-10-28 15:04:48,"Hai like Hip hop, mohon maaf atas ketidaknyamanannya. Silahkan kirimkan detail kendala yang Kamu alami beserta file foto atau gambar kendala tersebut melalui email cs@post.app untuk kami bantu pengecekan. Salam-Vr #BisnisPastiPOST",2020-10-29 1:17:05
413,76e9943c-ef40-4469-ad1b-6f8b6d6e6428,Yani Naisanu,https://play-lh.googleusercontent.com/a-/AD5-WCmA86ozX1XZMXjNfYz6MN-SgQUTXTe_hdkLoIhQ6w,positive,mudah digunakan gak ribet bisa terima semua pembayran dan pembayarannya juga gampangüëçüëç,5,0,,2021-11-15 8:11:29,"Hai POSTpreneur Yani Naisanu, Terima kasih karena telah setia menggunakan aplikasi kasir POST. Kami sangat senang dapat membantu dan memudahkan kamu dalam usaha Anda. Kami harap Anda selalu memiliki pengalaman yang menyenangkan di aplikasi kasir POST. Terima kasih telah mempercayakan bisnis-mu pada POST.",2021-11-26 15:08:38
829,f11c49a7-c59d-41a0-94e1-0849b7d5e8ae,Nita Kurniasih,https://play-lh.googleusercontent.com/a-/AD5-WClUK5qcFI0Ks9EcF8jI3NVGMh2tBnKTUPVhYFqbLiA,positive,Mantapp banget aplikasinya,5,0,,2021-01-25 11:33:15,"Hai Nita Kurniasih, Terima kasih sudah memberikan rating bintang 5 dan feedback yang diberikan, Kami sangat senang dapat membantu dan memudahkan Kamu dalam melakukan transaksi dan fitur lainnya. Kami harap Kamu selalu memiliki pengalaman yang menyenangkan menggunakan aplikasi POST. -i-",2021-01-25 12:01:08
365,4dd94425-59aa-47da-a3ae-fb03d0ffe017,cristopher lim,https://play-lh.googleusercontent.com/a-/AD5-WClXK-CFKp-TufFDlz2JLtHbc7QvtyvB3a-jXpOY0w,neutral,Gimana caranya untuk namabah cabang dan outlet serta cara melihat penghasilan cabang perusahaan,5,0,,2022-02-23 6:31:39,"Hai POSTpreneur cristopher lim, untuk menambah outlet ada di menu 'Kelola Toko' lalu pilih 'Daftar Outlet' pada submenu Outlet, kemudian Tambah Baru. Dan untuk melihat penghasilan cabang ada pada Laporan. Apabila membutuhkan bantuan lain silakan menghubungi Live Chat kami di menu 'Bantuan' ya. Terima kasih telah mempercayakan bisnis-mu pada POST.",2022-02-23 14:49:17
233,b23f2284-5184-4488-b8ac-750f84d610c9,Suhartini Polman,https://play-lh.googleusercontent.com/a/AEdFTp7w2BDWqf0KuPG7vs2ZX8qw-ScEdrrnwYn_M8Wz=mo,positive,"Wah ini nih yang kita tunggu-tunggu aplikasi yang sangat memudahkan kita saat bertransaksi,bisa terima semua pembayaran dan aku suka sekali dengan aplikasi ini",5,0,1.40.1,2022-06-16 7:00:06,"Hai POSTpreneur Suhartini Polman, Terima kasih karena telah setia menggunakan aplikasi kasir POST. Kami sangat senang dapat membantu dan memudahkan kamu dalam usaha Anda. Kami harap Anda selalu memiliki pengalaman yang menyenangkan di aplikasi kasir POST. Terima kasih telah mempercayakan bisnis-mu pada POST.",2022-06-17 3:21:10
916,a3fd2e11-44b2-4974-9fc3-77467d1c252f,Meydi Rifani,https://play-lh.googleusercontent.com/a-/AD5-WCkSvpHs2fB_1HYFhQUNnEuD3bZ0D96i2O3fnaw5iVU,positive,Mudah di pahami,5,0,,2021-01-19 15:50:42,"Hai Meydi, Terima kasih banyak ya atas komentar keren dan bintang limanya. Jika ada yang bisa kami bantu silakan hubungi 021- 5011 2000 atau email ke cs@post.app atau Live Chat kami ya. Semoga hari kamu menyenangkan :) -H-",2021-01-20 3:50:57
605,f3c4790c-8d24-4711-9329-f0ba84b58e0c,Mputze Betta,https://play-lh.googleusercontent.com/a/AEdFTp5SLy3zH-HtfJ2_Q1blXTlZUDoKwJrp4KMLEB4=mo,positive,sangat membatu dalam cetak struk uasaha saya mksh post rekomend deh pokoknyaüôèüëç,5,2,1.28.1,2021-07-26 8:34:01,"Hai Mputze Betta , terima kasih atas kepercayaan kamu pada aplikasi dan layanan POST. Kami berharap kamu memiliki pengalaman yang baik dalam menggunakan aplikasi POST. Jika ada kritik dan saran ataupun informasi yang dibutuhkan, silahkan hubungi kami di cs@post.app. Semoga bisnis kamu semakin maju dan lancar ya. Salam-My #BisnisPastiPOST",2021-07-26 15:02:35
549,d6c2327d-03f2-4c81-8c00-7dc42231e7fb,Jora Joratri,https://play-lh.googleusercontent.com/a-/AD5-WCl05fGuis6FRmHL3lTUkJOvoZHl2kPyTIWxiraJqw,neutral,Saya blm coba karena masih bingung kalau untuk produk handmade masuk ke kategori yg mana? Saya menjual produk rajutan terutama boneka.,5,23,1.30.0,2021-09-02 5:05:10,"Hai Jora Tatipata, untuk saat ini kamu bisa pilih kategori Lain-lain terlebih dahulu. Untuk informasi lebih lanjut silakan hubungi kami melalui pusat bantuan Live Chat yang ada di aplikasi/dashboard ya, agar dapat kami tangani secepatnya 24/7. Semoga bisnis kamu semakin maju dan lancar ya. Salam-My #BisnisPastiPOST",2021-09-14 15:32:27
820,c969e397-0c0d-4854-9006-f71b59167dfc,nofra fauzi,https://play-lh.googleusercontent.com/a-/AD5-WCnrshF8vUKdzzozUZffpqQfw0S8LKjls1hQCXxBfQ,positive,terbaik lah aplikasinya,5,0,1.23.0,2021-01-26 3:55:45,"Hai nofra fauzi, terima kasih sudah menggunakan aplikasi dan layanan POST. Kami senang mengetahui kamu memiliki pengalaman yang baik dalam menggunakan aplikasi POST. Semoga bisnis kamu semakin maju dan lancar ya. Salam- R #BisnisPastiPOST",2021-01-26 4:19:42
275,8202e0c3-5dcf-47cf-80ea-3710fc1e2ca7,FIKRI DIRHAM,https://play-lh.googleusercontent.com/a-/AD5-WCkBTWr8gCMLCdJDJ1a20jQzcWOlA3ls2VQx9vn62g,positive,"Aplikasi nya bagus , tampilan fitur Dan menu nya Keren , pokonya wajib pake , sangat membantu aplikasinya",5,0,1.40.1,2022-05-30 18:10:29,"Hai POSTpreneur FIKRI DIRHAM, Kami senang mengetahui kamu memiliki pengalaman yang baik dalam menggunakan aplikasi kasir POST., Terima kasih telah mempercayakan bisnis-mu pada POST.",2022-06-02 10:18:18
259,b44b94d1-544c-4e5b-a1e1-0c742c7c999c,Faiz Abi,https://play-lh.googleusercontent.com/a/AEdFTp7GsSFv2dtclMyIMMVg8DpdrQ1DLIqWsZNQ_0DG=mo,positive,Sangat membantu usaha saya. Terima kasih post,5,0,1.40.1,2022-06-04 11:33:46,"Hai POSTpreneur Faiz Abi, Terima kasih karena telah setia menggunakan aplikasi kasir POST. Kami sangat senang dapat membantu dan memudahkan kamu dalam usaha Anda. Kami harap Anda selalu memiliki pengalaman yang menyenangkan di aplikasi kasir POST. Terima kasih telah mempercayakan bisnis-mu pada POST.",2022-06-05 12:35:36
43,e66e3f7a-dc0e-40fd-b723-f93a941df50c,Eki Fernando,https://play-lh.googleusercontent.com/a/AEdFTp4GeoNJ0uGnmKFyHUgcRTWs_6mHhLb76fVkrATA=mo,negative,Suka eror sendiri ga jelas bikin kecewa,3,0,,2022-10-26 10:03:53,"Hai POSTpreneur Eki Fernando, mohon maaf atas ketidaknyamanannya. Silakan kirimkan detail kendala yang kamu alami beserta file foto atau gambar kendala tersebut melalui Live Chat atau email cs@post.app untuk kami bantu pengecekan. Terima kasih telah mempercayakan bisnis-mu pada POST.",2022-10-27 5:14:41
1039,665949fb-3897-4d45-b97b-cf5a72aa54b3,Okd Bzzn,https://play-lh.googleusercontent.com/a/AEdFTp64MvLrn72xNFlrlQF2BxIk2M8gG6DBRjUbRDN2=mo,positive,Aplikasinya sangat membantu untuk usaha,5,0,1.17.2,2020-11-09 2:51:31,"Hai Okd Bzzn, terima kasih sudah menggunakan aplikasi dan layanan POST. Kami turut senang dapat membantu usaha kamu.Semoga kamu bisa terus memberikan pelayanan yang terbaik untuk kamu. Sukses terus untuk usahanya :). Salam-R #SuksesBarengPOST",2020-11-09 3:12:25
934,34af5636-8874-486c-8237-91781473c0d4,Esti Sembiring,https://play-lh.googleusercontent.com/a-/AD5-WCn0ArxdjpHXSiIXCI7AdZFWPOvoukjOwauOIEqvFA,positive,MANTAPPP!,5,0,,2021-01-04 8:06:39,"Hai Esti, terima kasih karena telah menggunakan aplikasi dan layanan POST. Kami senang mengetahui kamu memiliki pengalaman yang menyenangkan dalam menggunakan aplikasi POST. Tetap setia pada POST ya! Salam-N #BisnisPastiPOST",2021-01-04 11:37:50
1368,61b88cec-4998-4fbc-95e3-0e9d7530a6af,Pengguna Google,https://play-lh.googleusercontent.com/EGemoI2NTXmTsBVtJqk8jxF9rh8ApRWfsIMQSt2uE4OcpQqbFu7f7NbTK05lx80nuSijCz7sc3a277R67g,neutral,Coba coba saja,4,0,1.3.1,2020-03-26 18:24:10,"Hai kak Nurtan Abdissalam, Terima kasih karena telah menggunakan layanan POST. Kami harap Kakak selalu memiliki pengalaman yang menyenangkan menggunakan aplikasi POST. Apabila ada masukan dan pertanyaan bisa langsung menghubungi cs@post.app. Salam-VR",2020-03-27 3:35:55
339,052b8d96-6fab-496d-8482-b2454028b4fd,Rahman 1453,https://play-lh.googleusercontent.com/a/AEdFTp7FqpLj5Fju5L0RAZNA0oVfsOLb9GKx1if_qqui=mo,negative,Loginnya gimana setelah daftar? Koq malah diminta untuk daftar lagi? Padahal udah daftar,1,2,1.38.2,2022-04-11 10:11:18,"Hai POSTpreneur Rahman 1453, mohon maaf atas ketidaknyamanan yang kamu alami. Untuk melakukan login bisa klik ""Masuk"". Silakan mencoba kembali aplikasinya dan apabila mengalami masalah yang sama mohon informasikan kembali detail kendala tersebut melalui Live Chat kami atau email cs@post.app. Terima kasih telah mempercayakan bisnis-mu pada POST.",2022-04-12 4:10:16
371,5b086bbb-a104-4331-8a8c-c79810c254ed,rimafw,https://play-lh.googleusercontent.com/a-/AD5-WCkr6Bo83mTawFdEQ_hjbSIRs7UkI08omZ67nfSDjQ,positive,"Bagus mudah, kalo boleh saran ditambahin kak biar ownernya bisa liat kasir pengeluaran uang",5,3,1.35.2,2022-02-14 12:13:47,"Hai POSTpreneur rimafw, Terima Kasih telah menggunakan aplikasi kasir POST. Terkait hal tersebut Owner dapat melihat melalui Laporan Shift & Kas yang ada di Dashboard ya kak. Terima kasih telah mempercayakan bisnis-mu pada POST.",2022-02-15 3:20:40
634,9e5dcfe7-61d3-4c69-af22-dfbd6ff09f69,Blu Plik,https://play-lh.googleusercontent.com/a/AEdFTp6tzrmDC1j3E1CiTrhqzTRwDoh1qMvwgE6oUvKR=mo,negative,Kadang udah diinput tapi stok tak berkurang.. Bikin konflik dengan karyawan klo gini,1,5,1.28.0,2021-07-03 9:00:23,"Hai Blu Plik, kami mohon maaf atas kendala yang dialami. Agar dapat kami bantu pengecekan, mohon laporkan kendala tersebut melalui pusat bantuan Live Chat yang ada di aplikasi/dashboard ya, agar dapat kami tangani secepatnya 24/7. Semoga bisnis kamu semakin maju dan lancar ya. Salam-My #BisnisPastiPOST",2021-07-06 8:42:41
669,dcf455ab-1e31-4d3c-8d8b-405ed558df52,Indri Burhan,https://play-lh.googleusercontent.com/a/AEdFTp7OrYyYhinzsQEYBxLyw1aiQkL32XYJlW53afAL=mo,negative,"Aplikasi bagus dengan adanya riwayat stok, jadi memudahkan kontrol stok. Kekurangannya dalam 1 transaksi cuma bisa menambahkan 1 diskon saja, sebaiknya bisa menambahkan 2 atau lebih diskon. Tidak ada varian produk, selain itu harus memasukkan nomor hp customer. Sangat tidak diperlukan.",3,124,1.26.2,2021-05-11 6:57:39,"Hai Indri Burhan, terima kasih atas feedback yang diberikan. Kritik dan saran kamu akan kami teruskan ke tim untuk evaluasi dan pengembangan fitur aplikasi kedepannya. Kami akan selalu berusaha semakin baik lagi agar kenyamanan pelanggan bisa sepenuhnya terpenuhi. Salam -U #BisnisPastiPOST",2021-05-11 12:44:56
428,a03a432b-19de-4a85-a088-14bd41946db8,Topan Abdullah,https://play-lh.googleusercontent.com/a/AEdFTp41BmFfdcCWXdnRZzNIkcLmU0UEQ63WrNcJmvSs=mo,positive,Apk yang menurut saya sempurna karna apk ini gak ribet sama sekali dan proses nya juga sangat cepat,5,0,,2021-11-04 14:42:41,"Hai POSTpreneur Topan Abdullah, Terima kasih karena telah setia menggunakan aplikasi kasir POST. Kami sangat senang dapat membantu dan memudahkan kamu dalam usaha Anda. Kami harap Anda selalu memiliki pengalaman yang menyenangkan di aplikasi kasir POST. Terima kasih telah mempercayakan bisnis-mu pada POST.",2021-11-26 9:59:05
481,4e596aef-9caa-4acf-b51f-bec20ca3243a,YUDA FEBRIANSYAH,https://play-lh.googleusercontent.com/a/AEdFTp5SLA2rSzCTkOFW6IBkLhFBMJHqdnn0HfBBJ0Qc=mo,positive,"Aplikasi kasir ini banyak banget manfaat nya , udah gitu menguntungkan , toko online juga bagus , yuk buruan install sekarang , seneng ada aplikasi kaya gini",5,4,1.33.1,2021-10-30 2:09:34,"Hai POSTpreneur YUDA FEBRIANSYAH, Terima kasih karena telah setia menggunakan aplikasi kasir POST. Kami sangat senang dapat membantu dan memudahkan kamu dalam usaha Anda. Kami harap Anda selalu memiliki pengalaman yang menyenangkan di aplikasi kasir POST. Terima kasih telah mempercayakan bisnis-mu pada POST.",2021-12-01 0:10:44
1131,fdb32b49-835d-47be-a950-6b0a4cb8c153,Mawa Sipayung,https://play-lh.googleusercontent.com/a/AEdFTp7hk_5RnI2zaNeK90iRegrSkzXWccdv1DhIqbEGgMg=mo,positive,Sangat membantu Dan mudah di gunakan mantaapp,5,0,1.8.2,2020-08-11 14:53:11,"Hai Mawa Sipayung, Terima kasih sudah menggunakan aplikasi dan layanan POST. Kami senang mengetahui kamu memiliki pengalaman yang baik dalam menggunakan aplikasi POST. Semoga hari kamu menyenangkan. Salam-Vr #BisnisPastiPOST",2020-08-12 1:10:54
756,7ca02327-5523-428b-afbb-f536f52e35a6,bahrul zaelani,https://play-lh.googleusercontent.com/a-/AD5-WCkZvEog4R_x7YM7KPnDIDRCgglTa5mqvtw0ncRQuA,positive,"Aplikasi yang bagus banget dari segi display, suka banget dari semua aplikasi aplikasi lain, hanya saja fitur yang ditawarkan kurang lengkap dibandingkan aplikasi lain dengan harga premium yang cukup terbilang lumayan. Semoga saja segera ditambahkan fitur yang direquest sehingga bisa segera terrealisasikan ditempat usaha saya",5,23,1.25.0,2021-02-26 8:15:44,"Hai bahrul zaelani, terima kasih atas review yang disampaikan. Semoga kami bisa memberikan pelayanan yang lebih baik lagi ke depannya. Jangan ragu untuk memberikan saran untuk kami yang bisa disampaikan via email ke cs@post.app. Semoga bisnis kamu semakin maju dan lancar ya. Salam-PR #BisnisPastiPOST",2021-02-26 8:28:27
101,0e74803a-14da-4731-88b2-30c9c86b8d8a,Berita Jalanan,https://play-lh.googleusercontent.com/a/AEdFTp65EPVT-mkriWTP2XLfIuaSSkmmVFlf5WD3QuEk=mo,negative,Untuk apknya sudah mantap. Tapi kenapa PKL. 17.00 wib pas saya mau transaksi Apknya rada susah dibuka. Cuma hanya menampilkan logo #post saja padahal jaringan internet lancar.,4,0,,2022-07-05 10:14:11,"Hai POSTpreneur Berita Jalanan, mohon maaf atas ketidaknyamanannya. Silakan kirimkan detail kendala yang kamu alami beserta file foto atau gambar kendala tersebut melalui Live Chat di menu Bantuan aplikasi/dashboard atau email cs@post.app untuk kami bantu pengecekan. Terima kasih telah mempercayakan bisnis-mu pada POST.",2022-07-06 3:03:25
322,65a3e60a-ba01-4eca-a05e-e2cf45e3f3d9,Muhammad Rizki,https://play-lh.googleusercontent.com/a/AEdFTp4mt6By3LWdpVCgj-yyPtRO1JDNj-MwE6oQk6YF2w=mo,positive,"Kemarin sempat lelet, buffering setelah pencetakan struk, tapi sekarang aplikasi sudah berjalan dengan normal dan saya rasa lebih baik. Dengan fitur yang sekarang ini, harganya tergolong cukup murah dibandingkan dengan POS lain. Semoga kedepannya bisa ditambahkan fitur fitur lainnya, mungkin split struk untuk di kitchen gitu hehe üôè",5,35,1.39.0,2022-04-27 12:50:04,"Hai POSTpreneur Muhammad Rizki, Terima Kasih telah menggunakan aplikasi kasir POST. Kritik dan saran dari kamu akan kami simpan sebagai masukan pengembangan fitur dan layanan kami kedepannya. Terima kasih telah mempercayakan bisnis-mu pada POST.",2022-04-28 5:13:45
65,d7c4137a-855e-4c3f-bd5c-0d90ba19aaf3,Pengguna Google,https://play-lh.googleusercontent.com/EGemoI2NTXmTsBVtJqk8jxF9rh8ApRWfsIMQSt2uE4OcpQqbFu7f7NbTK05lx80nuSijCz7sc3a277R67g,neutral,Ok siapka di perangkat ini,5,0,,2022-08-26 14:05:05,"Hai POSTpreneur Mas Ngadiman, Terima kasih karena telah setia menggunakan aplikasi kasir POST. Kami sangat senang dapat membantu dan memudahkan kamu dalam usaha Anda. Kami harap Anda selalu memiliki pengalaman yang menyenangkan di aplikasi kasir POST. Terima kasih telah mempercayakan bisnis-mu pada POST.",2022-08-28 10:37:05
351,25e2bff8-2ccd-4900-9c90-149948f80729,Muhamad Zawawi,https://play-lh.googleusercontent.com/a/AEdFTp7HSe3PAZktiZWutOT7zEyN2x3_tHtYvc-JROda=mo,negative,"Barang input kadang tidak keluar di menu transaksi jadi aga susah makenya,scenya juga aga ribet h√°rus pencet lagi setiap mau transaksi",3,3,1.38.1,2022-03-29 8:30:50,"Hai POSTpreneur Muhamad Zawawi, mohon maaf atas ketidaknyamanannya. Silakan kirimkan detail kendala yang kamu alami beserta file foto atau gambar kendala tersebut melalui Live Chat di menu Bantuan atau email cs@post.app untuk kami bantu pengecekan. Terima kasih telah mempercayakan bisnis-mu pada POST.",2022-03-29 14:08:34
1213,e7b3d35f-b350-4464-8772-62da3fae2ac3,Bagus Apryan,https://play-lh.googleusercontent.com/a-/AD5-WCkUqJty3Qm4vz8fOZghWgS7FaGgnWVnxl5JzN3Xvg,positive,Good,5,0,1.7.0,2020-06-10 14:14:41,"Hai Bagus Apryan, Terima kasih sudah menggunakan aplikasi dan layanan POST. Kami senang mengetahui kamu memiliki pengalaman yang baik dalam menggunakan aplikasi POST. Semoga hari kamu menyenangkan. Salam-VR",2020-06-11 1:02:57
115,89d3b920-efc4-419a-9529-fbf7c3a8cfab,brownis kopi channel,https://play-lh.googleusercontent.com/a-/AD5-WCmJWtht4dDB-gF3SbsCVEW4amvXCYf3FuCbKFWkvNo,positive,"Memang apk yg mantab,jos bgt pokok nya",5,0,1.41.1,2022-06-30 6:32:37,"Hai POSTpreneur brownis kopi channel, terima kasih karena telah setia menggunakan aplikasi kasir POST. Kami sangat senang dapat membantu dan memudahkan kamu dalam usaha Anda. Kami harap Anda selalu memiliki pengalaman yang menyenangkan di aplikasi kasir POST.",2022-07-03 6:02:22
464,f5c374b1-d5f1-4504-b54f-1be74e0b634b,Kevin Ss,https://play-lh.googleusercontent.com/a/AEdFTp5ogeEqBtWn8_qPgNo7O3tI7HEgaCdndvIUwz0m=mo,positive,"Keren bgt nih apk nya,banyak sekali toko online yg bagus disini",5,0,1.33.2,2021-10-31 5:34:13,"Hai POSTpreneur Kevin Ss, Terima kasih karena telah setia menggunakan aplikasi kasir POST. Kami sangat senang dapat membantu dan memudahkan kamu dalam usaha Anda. Kami harap Anda selalu memiliki pengalaman yang menyenangkan di aplikasi kasir POST. Terima kasih telah mempercayakan bisnis-mu pada POST.",2021-11-29 6:40:53
1120,edc33640-742b-43a9-abb1-55494150b4fe,Asep Bunawan,https://play-lh.googleusercontent.com/a-/AD5-WCmmnGpJVVJ7eakH1aYgtpbLSSpL5vl-Tt-4HJ_jeQ,positive,Ok mantap,5,0,1.11.0,2020-08-15 4:35:27,"Hai Asep Bunawan, terima kasih sudah menggunakan aplikasi dan layanan POST. Kami senang mengetahui kamu memiliki pengalaman yang baik dalam menggunakan aplikasi POST. Semoga hari kamu menyenangkan. Salam-Vr #BisnisPastiPOST",2020-09-23 8:06:15
361,0dce3d4b-be01-43e6-9cff-bf49895d2776,Muhammad Naoval Aulawi,https://play-lh.googleusercontent.com/a-/AD5-WCkaknpGgtLw0dnoUEwFgkKJxrxEWYG1kFJ7vxXs,negative,Server down,1,0,1.36.2,2022-03-12 14:37:35,"Hai POSTpreneur Muhammad Naoval Aulawi, mohon maaf atas ketidaknyamanannya. Kami telah melakukan pengecekan dan perbaikan terkait dengan kendala aplikasi. Silakan mencoba kembali aplikasinya dan apabila mengalami masalah yang sama mohon informasikan melalui Live Chat kami atau email cs@post.app. Terima kasih telah mempercayakan bisnis-mu pada POST.",2022-03-18 12:51:01
1033,bcbc321f-8fc8-4127-9fdb-dfd2f1ea9c76,Muhamad Sudarno,https://play-lh.googleusercontent.com/a/AEdFTp7bEGsSt1p1piYNvJspAKX4mhjAXiQB5H9jB4_r=mo,positive,Aplikasi kasir ini sangat membantu bagi anda yang saat ini mempunyai usaha makanan / caffe atau semacamnya. Karna di aplikasi post ini pemakaian nya sangat mudah dan juga bisa buat laporan secara bersamaan,5,0,,2020-11-09 4:17:38,"Hai Muhamad Sudarno, terima kasih sudah menggunakan aplikasi dan layanan POST. Kami turut senang dapat membantu usaha kamu.Semoga kami bisa terus memberikan pelayanan yang terbaik untuk kamu. Sukses terus untuk usahanya :). Salam-R #BisnisPastiPOST",2020-11-10 6:19:14
1079,c01fd6b8-341f-4a4c-a9db-2ce12996fdae,yono mjog,https://play-lh.googleusercontent.com/a/AEdFTp4fXzyM2RLz8WBQzLPZg3XWbODdy79DukAiBBAd=mo,positive,Utk semntara bagus sih,5,0,1.16.0,2020-10-14 23:19:30,"Hai yono mjog, Terima kasih sudah menggunakan aplikasi dan layanan POST. Kami senang mengetahui kamu memiliki pengalaman yang baik dalam menggunakan aplikasi POST. Semoga hari kamu menyenangkan. Salam-R",2020-10-15 1:27:36
1158,7d7e090b-1d12-4e5e-9c11-cac031fb2857,Java Pati,https://play-lh.googleusercontent.com/a/AEdFTp4lVaUIFf87vS4TNs1uPp7cnd3ibHvfLdIInc_F_w=mo,neutral,"Saya pengguna lanjutan dari sellfazz, untuk post, ada masukan : 1. Di mode kasir tolong stok di munculkan juga (seperti waktu di sellfazz), tdk hanya di mode owner, karena untuk penjualan retail ini sangat diperlukan. Jadi karyawan juga bisa ikut pantau stok. 2. Untuk rubah stok, bisa langsung di aplikasi post nya, tanpa masuk ke dashboar. Kedua poit diatas udah pernah saya sampaikan ke beberapa cs, terutama point 1, tetapi blm ada + an di aplikasi, fitur lainnya sudah ok, semoga ada tanggapan",5,50,1.10.2,2020-08-10 13:15:12,"Hai Java Pati, Terima kasih sudah menggunakan aplikasi dan layanan POST. Saran dari kamu akan kami tampung sebagai pengembangan Layanan/Aplikasi POST. Salam-Vr",2020-08-11 1:03:03
32,097424d3-0f22-444d-a72c-1d92ae483cc7,Adi Bagus Romadhon,https://play-lh.googleusercontent.com/a/AEdFTp5A54IsvNSd2uxqKsSyLeOlt17Jt5luPUsehUxB=mo,neut,"Kenapa setiap aplikasi nya di buka, sering log out sendiri ya ?",2,0,1.40.1,2022-11-12 13:33:40,"Hai POSTpreneur Adi Bagus Romadhon, mohon maaf atas ketidaknyamanannya. Silakan kirimkan detail kendala yang kamu alami beserta file foto atau gambar kendala tersebut melalui Live Chat di menu Bantuan atau email cs@post.app untuk kami bantu pengecekan. Terima kasih telah mempercayakan bisnis-mu pada POST.",2022-08-01 0:16:20
591,82b67e10-eac2-4c41-b759-d774220c377b,samuel sunshine,https://play-lh.googleusercontent.com/a-/AD5-WCntyME4_X5Iyq2GZvAcURDvPwEdRNtyBLdduqSgNQ,,"kami sudah info kami sudah penggunakan pos lain, dan saat ini belom tertarik pindah, dan saya rasa ini cukup jelas, seharusnya salesnya cukup mengerti dan paham dengan penolakan halus bukan bolak balik menghubungi dan cenderung menggangu, terima kasih",1,34,1.28.2,2021-08-03 7:07:10,"Hai Samuel Sunshine, kami mohon maaf atas peristiwa yang terjadi. Agar dapat kami bantu pengecekan, mohon laporkan kendala tersebut melalui email cs@post.app atau pusat bantuan Live Chat yang ada di aplikasi/dashboard agar dapat kami tangani secepatnya 24/7. Semoga bisnis kamu semakin maju dan lancar ya. Salam-My #BisnisPastiPOST",2021-08-03 8:03:32
358,4ce339f6-4dc1-46be-a4ec-99df1438e7ea,Masadepan Cerah,https://play-lh.googleusercontent.com/a/AEdFTp6R_2whGLQvZ_Ugn3DOOsR65yXvFhjj8YBzkRIa=mo,,Sangat membantu dgn biaya terjangku dari yg laen,5,0,,2022-03-14 14:46:38,"Hai POSTpreneur Masadepan Cerah, Terima kasih karena telah setia menggunakan aplikasi kasir POST. Kami sangat senang dapat membantu dan memudahkan kamu dalam usaha Anda. Kami harap Anda selalu memiliki pengalaman yang menyenangkan di aplikasi kasir POST. Terima kasih telah mempercayakan bisnis-mu pada POST.",2022-03-18 12:53:55
168,069c8581-e87e-4918-b084-6c6c3523a477,ayung w,https://play-lh.googleusercontent.com/a/AEdFTp4ucXEYVfb1RaEchbn_M1cnG_mlwvHRKA4YoRml=mo,,"aplikasinya rekomend buat yang usaha kecil¬≤ lan... pembayaran lengkap, bagus",5,0,1.41.1,2022-06-24 7:00:45,Hai POSTpreneur ayung w. Terima kasih karena telah setia menggunakan aplikasi kasir POST. Kami sangat senang dapat membantu dan memudahkan kamu dalam usaha Anda. Kami harap Anda selalu memiliki pengalaman yang menyenangkan di aplikasi kasir POST. Terima kasih telah mempercayakan bisnis-mu pada POST.,2022-06-24 8:32:02
220,06ce5281-9d22-4fcd-8dd7-f73858d948e2,Guest Lontong,https://play-lh.googleusercontent.com/a/AEdFTp6mGSkffq8GR7dh5zEQmOKT2sAzGtGk51DV3qvN=mo,,"Aplikasinya bagus banget,mudah digunakan dan gak ribet. Bisa bayar tagihan tiap bulan lebih gampang karena banyak pilihan untuk pembayarannya. Recommended lah untuk yang mengelola usaha. Fitur-fiturnya lengkap dan mudah dipahami.",5,26,1.41.1,2022-06-16 10:16:27,"Hai POSTpreneur Guest Lontong, Terima kasih karena telah setia menggunakan aplikasi kasir POST. Kami sangat senang dapat membantu dan memudahkan kamu dalam usaha Anda. Kami harap Anda selalu memiliki pengalaman yang menyenangkan di aplikasi kasir POST. Terima kasih telah mempercayakan bisnis-mu pada POST.",2022-06-17 3:44:27
342,655a173f-364b-49d6-81d6-334caab2703f,ayy,https://play-lh.googleusercontent.com/a-/AD5-WCk4gSeuTg0i3O1Xe42JD7c8wPST31ZwoYYu803Ezg,,sangat membantu saya dalam mengelola bisnis,5,0,1.38.2,2022-04-07 8:33:08,"Hai POSTpreneur Melowdayyy Diary, Terima kasih karena telah setia menggunakan aplikasi kasir POST. Kami sangat senang dapat membantu dan memudahkan kamu dalam usaha Anda. Kami harap Anda selalu memiliki pengalaman yang menyenangkan di aplikasi kasir POST. Terima kasih telah mempercayakan bisnis-mu pada POST.",2022-04-09 0:02:00
346,b9e1416f-fb06-42b3-8dc9-8453d8511081,Tomi Iskandar,https://play-lh.googleusercontent.com/a-/AD5-WCndbYFubrvMzKtHXOvQ9X5ZgUceZlgbfPqvTnmE,,"Kenapa setiap di update,,jadi error ,susah di buka..Transaksi kasir jadi sangat terganggu kalau seperti ini...",2,22,1.38.2,2022-04-02 10:39:33,"Hai POSTpreneur Tomi Iskandar, mohon maaf atas ketidaknyamanannya. Silakan kirimkan detail kendala yang kamu alami beserta file foto atau gambar kendala tersebut melalui Live Chat di menu Bantuan atau email cs@post.app untuk kami bantu pengecekan. Terima kasih telah mempercayakan bisnis-mu pada POST.",2022-03-29 14:06:04
218,f793fc52-aece-4fd0-bdc0-4776475c84d7,Orin Pramesi,https://play-lh.googleusercontent.com/a-/AD5-WCng4oSaMzvz27NPYDPg5xUVzPCQ-Lkeh-nIsL_7,,Aplikasiny gampang dan gak ribet. Dan yang jelas pembayrannya sangt gampang. Keren dah.,5,0,,2022-06-16 11:29:48,"Hai POSTpreneur Orin Pramesi, Terima kasih karena telah setia menggunakan aplikasi kasir POST. Kami sangat senang dapat membantu dan memudahkan kamu dalam usaha Anda. Kami harap Anda selalu memiliki pengalaman yang menyenangkan di aplikasi kasir POST. Terima kasih telah mempercayakan bisnis-mu pada POST.",2022-06-17 3:52:10
415,7bb8d418-7a79-4000-8bfb-c403d6a2ffac,Angga Saputrajaya,https://play-lh.googleusercontent.com/a/AEdFTp49SnARyZkM5huxTHfljd1LCAMzu_goxnuhZKXv=mo,,Bagus aplikasinya mudah dimengerti keren saya suka aplikasinya terimah kasih admin semoga kedepannya bisa lebih baik bagus lagi,5,0,1.33.3,2021-11-15 8:08:57,"Hai POSTpreneur Angga Saputrajaya, Terima kasih karena telah setia menggunakan aplikasi kasir POST. Kami sangat senang dapat membantu dan memudahkan kamu dalam usaha Anda. Kami harap Anda selalu memiliki pengalaman yang menyenangkan di aplikasi kasir POST. Terima kasih telah mempercayakan bisnis-mu pada POST.",2021-11-26 15:56:53
184,7116b7c4-a7fc-44d4-a8e2-7d0f1a05b14a,Insan Mujadid,https://play-lh.googleusercontent.com/a-/AD5-WClumc8pqHeycLkfEBpkePmp0qog0JQKpnZ_nLPDUw,,"Aplikasi yang dapat membantu pengelolaan keuangan saya, sangat membantu sekali, dan mudah di mengerti",5,0,1.41.1,2022-06-23 4:02:36,"Hai POSTpreneur Insan Mujadid, Terima kasih karena telah setia menggunakan aplikasi kasir POST. Kami sangat senang dapat membantu dan memudahkan kamu dalam usaha Anda. Kami harap Anda selalu memiliki pengalaman yang menyenangkan di aplikasi kasir POST. Terima kasih telah mempercayakan bisnis-mu pada POST.",2022-06-23 9:59:20
1083,4e2d4f1e-dcae-4ce7-9e5f-ec9d70070d3d,Rizki Hidayati,https://play-lh.googleusercontent.com/a-/AD5-WCmbbqkX3BR7SrStqe-y5XSWNMYVol6J62lK3ewL6pU,,Aplikasi nya keren bgt,5,0,1.13.1,2020-10-10 9:54:31,"Hai Rizki Hidayati, Terima kasih sudah menggunakan aplikasi dan layanan POST. Kami senang mengetahui kamu memiliki pengalaman yang baik dalam menggunakan aplikasi POST. Semoga hari kamu menyenangkan. Salam-Vr #BisnisPatiPOST",2020-10-10 10:22:41
793,91a83d76-a581-4e3b-b60b-e9ce418f7927,Marshel Photography,https://play-lh.googleusercontent.com/a-/AD5-WCndlfQ5LD6gMtIufNH08MqBL5VnVIDopvXlSW5hGs0,,Mantapüëç,5,0,1.21.0,2021-02-01 10:06:32,"Hai Marchell mp, Terima kasih sudah menggunakan aplikasi dan layanan POST. Kami senang mengetahui kamu memiliki pengalaman yang baik dalam menggunakan POST. Semoga usahamu semakin sukses ya :) -DN-",2021-02-01 11:07:41
679,8509bb9d-2620-4899-8111-3ead824c976f,JM House Jagakarsa,https://play-lh.googleusercontent.com/a-/AD5-WCnZRLGrA-9eArljJyHPYwQlHLeaDl1AHXwbKBeJhg,,Bagus sekali,5,3,1.26.1,2021-05-08 15:44:03,"Hai JM House Jagakarsa, terima kasih atas review yang disampaikan. Semoga kami bisa memberikan pelayanan yang lebih baik lagi ke depannya. Jangan ragu untuk memberikan saran untuk kami yang bisa disampaikan via email ke cs@post.app. Semoga bisnis kamu semakin maju dan lancar ya. Salam-PR #BisnisPastiPOST",2021-05-09 3:45:03
1068,7b9fdab2-31a2-4d52-af6f-608df60ecb86,Izad Mumazad,https://play-lh.googleusercontent.com/a/AEdFTp7OxCGEF2STkpOUpke_6tnuQaxURWlp2x7h8aYY=mo,,Aplikasinya bermanfaat bila ada harga barang yang lupa,5,1,1.18.0,2020-10-27 9:38:25,"Hai Izad Mumazad, terima kasih sudah menggunakan aplikasi dan layanan POST. Kami senang mengetahui kamu memiliki pengalaman yang baik dalam menggunakan aplikasi POST. Semoga bisnis kamu semakin maju dan lancar ya. Salam- #BisnisPastiPOST",2020-10-27 10:10:54
1384,18038c72-9bc5-4a97-a515-30715d873d4e,Pengguna Google,https://play-lh.googleusercontent.com/EGemoI2NTXmTsBVtJqk8jxF9rh8ApRWfsIMQSt2uE4OcpQqbFu7f7NbTK05lx80nuSijCz7sc3a277R67g,,Samoga lancar dan bermanfaat,5,0,1.1.0,2020-03-04 4:53:47,"Hi Kak TK BEYOK SETIA, terimakasih telah menggunakan POST. Kami harap Kakak selalu memiliki pengalaman yang menyenangkan menggunakan aplikasi POST. Semoga selalu sukses dengan usahanya ya kak :) -Ni-",2020-03-04 7:52:38
566,e573aa72-e5bc-45b9-9d94-c3cbc099936c,Chix Roses,https://play-lh.googleusercontent.com/a/AEdFTp56D3foRCwX3MBDtphrIJqN2juh0dHIHbLCR4od=mo,,Sip lah...,5,0,1.29.0,2021-08-23 12:41:57,"Hai Chix Roses, terima kasih atas kepercayaan kamu pada aplikasi dan layanan POST. Kami senang mengetahui kamu memiliki pengalaman yang baik dalam menggunakan aplikasi POST. Jika ada kritik dan saran ataupun informasi yang dibutuhkan, silahkan hubungi kami di cs@post.app. Semoga bisnis kamu semakin maju dan lancar ya. Salam-My #BisnisPastiPOST",2021-08-25 6:16:28
869,11a61173-b487-4a97-9619-b4c35f24ee6b,Novi Sanjaya,https://play-lh.googleusercontent.com/a-/AD5-WCnpeLKLjfinCxE4T0NQ6uCeNpNaal5LCI-D17fk,,"Aplikasi ini sangat membantu untuk kelola bisnis kita dan pastinya lebih mudah, apalagi lewat fitur POST.payment semua pembayaran bisa dilakukan dengan e-wallet dengan mudah.",5,1,1.23.0,2021-01-22 14:01:57,"Hai Neo Sanjaya, terima kasih atas review yang disampaikan. Semoga kami bisa memberikan pelayanan yang lebih baik lagi ke depannya. Jangan ragu untuk memberikan saran untuk kami yang bisa disampaikan via email ke cs@post.app. Semoga bisnis kamu semakin maju dan lancar ya. Salam-PR #BisnisPastiPOST",2021-01-23 4:09:03
1134,db74a5fa-60de-4bf5-ba6b-d05ec74ea3fa,Harmoko Dmk,https://play-lh.googleusercontent.com/a-/AD5-WCmVYAGOXnytPm1cB924wOk3FdJmgJO0u_z3I-EEhA,,"Fiktur lengkap, komplit,.. mantappp...",5,1,1.6.1,2020-08-11 14:29:55,"Hai Harmoko Dmk, Terima kasih sudah menggunakan aplikasi dan layanan POST. Kami senang mengetahui kamu memiliki pengalaman yang baik dalam menggunakan aplikasi POST. Semoga hari kamu menyenangkan. Salam-Vr #BisnisPastiPOST",2020-08-12 1:10:56
1365,8933c5e5-5b5e-4823-ac35-ba25a47f8a1d,Pengguna Google,https://play-lh.googleusercontent.com/EGemoI2NTXmTsBVtJqk8jxF9rh8ApRWfsIMQSt2uE4OcpQqbFu7f7NbTK05lx80nuSijCz7sc3a277R67g,,Sangat membantu saya..keren..,5,0,1.3.1,2020-03-27 15:33:54,"Hi Kak Dhermawan Mawan, terima kasih karena telah setia menggunakan layanan POST. Kami sangat senang dapat membantu dan memudahkan kakak dalam mengatur transaksi serta pencatatan bisnis. Kami harap Kakak selalu memiliki pengalaman yang menyenangkan menggunakan aplikasi POST. Terima kasih",2020-03-28 4:00:39
1397,7ed5c794-9b12-48c0-8952-dc8ca82c9158,Pengguna Google,https://play-lh.googleusercontent.com/EGemoI2NTXmTsBVtJqk8jxF9rh8ApRWfsIMQSt2uE4OcpQqbFu7f7NbTK05lx80nuSijCz7sc3a277R67g,,Topppp dAh,5,0,1.0.0,2020-02-08 1:08:34,"Hi Kak Herman Sopian, terima kasih karena telah setia menggunakan layanan POST. Kami sangat senang dapat membantu dan memudahkan kakak dalam mengatur transaksi serta pencatatan bisnis. Kami harap Kakak selalu memiliki pengalaman yang menyenangkan menggunakan aplikasi POST. Terima kasih -Ni-",2020-02-08 5:04:41
629,8991e46c-5cf6-4d7e-936a-2b3fdc1e4d6f,Satrio Nyopee,https://play-lh.googleusercontent.com/a/AEdFTp6q-85XKoboe8rljP2PSQS24iMMqV8I70W_to1A=mo,,Sy coba buat akun ko ada peringatan SSL PROTOCOL ERROR ya.?,3,5,1.27.0,2021-07-05 2:36:59,"Hai Satrio Nyopee, kami mohon maaf atas kendala yang dialami. Agar dapat kami bantu pengecekan, mohon laporkan kendala tersebut melalui pusat bantuan Live Chat yang ada di aplikasi/dashboard ya, agar dapat kami tangani secepatnya 24/7. Semoga bisnis kamu semakin maju dan lancar ya. Salam-My #BisnisPastiPOST",2021-07-06 8:46:49
265,b31471cd-972b-4a90-a511-067157343454,Yogi Prasetio,https://play-lh.googleusercontent.com/a-/AD5-WCmGLDTzaczA6zdPGrJMxRzrfAiQvE9PPeqiSA1K,,"Apilikasi ini bagus untuk mengelola atau mengurus usaha, cocok banget untuk pembisnis banyak oultet, pentadaftaranya simple gampang semua transaksi gampang cepat. Sejauh ini memuaskan",5,0,1.40.1,2022-05-31 0:00:45,"Hai POSTpreneur Yogi Prasetio, Terima kasih karena telah setia menggunakan aplikasi kasir POST. Kami sangat senang dapat membantu dan memudahkan kamu dalam usaha Anda. Kami harap Anda selalu memiliki pengalaman yang menyenangkan di aplikasi kasir POST. Terima kasih telah mempercayakan bisnis-mu pada POST.",2022-06-02 10:32:22
636,6c9ddeae-a753-49de-8663-703518ffc7f2,ARSUAR GROUP PROJECTS,https://play-lh.googleusercontent.com/a-/AD5-WCl8Mmxn0XUOC69GaAejEPwIkRwf8gGh4k1g_oMrpw,,Keren,5,0,,2021-06-26 18:01:16,"Hi Arsuar Group Projects, terima kasih atas kepercayaan kamu pada aplikasi dan layanan POST. Kami senang mengetahui kamu memiliki pengalaman yang baik dalam menggunakan aplikasi POST. Jika ada kritik dan saran ataupun informasi yang dibutuhkan, silahkan hubungi kami di cs@post.app. Semoga bisnis kamu makin maju & lancar. Salam-My #BisnisPastiPOST",2021-07-06 8:31:48
619,4f20b5f6-d790-4d6f-bf85-054372fee5cf,Dian Nurdiansyah,https://play-lh.googleusercontent.com/a/AEdFTp4xoplz4ka4p6djYYXPXN8NmQ-6mRzAYttQc9VX=mo,,Coba dulu aja,5,1,1.28.1,2021-07-14 3:45:46,"Hai, Dian N. terima kasih atas kepercayaan kamu pada aplikasi dan layanan POST. Kami senang mengetahui kamu memiliki pengalaman yang baik dalam menggunakan aplikasi POST. Jika ada kritik dan saran ataupun informasi yang dibutuhkan, silahkan hubungi kami di cs@post.app. Semoga bisnis kamu semakin maju dan lancar ya. Salam-My #BisnisPastiPOST",2021-07-16 9:21:39
1360,a85d1ece-b9ad-429b-b1c6-fc42caaed5ab,Pengguna Google,https://play-lh.googleusercontent.com/EGemoI2NTXmTsBVtJqk8jxF9rh8ApRWfsIMQSt2uE4OcpQqbFu7f7NbTK05lx80nuSijCz7sc3a277R67g,,üëçüëçüëçüëçüëçüëç,5,0,1.3.1,2020-04-04 20:43:48,"Hai, FHC United Terima kasih sudah menggunakan aplikasi dan layanan POST. Kami senang mengetahui kamu memiliki pengalaman yang baik dalam menggunakan aplikasi POST. Semoga hari kamu menyenangkan. Terima Kasih. -Ra",2020-04-05 8:42:39
618,5890f338-ca8a-424b-811f-3e5699f41e1e,ZUL FIKRI SINGA,https://play-lh.googleusercontent.com/a-/AD5-WCmdTMcxcIuCfchPLMKPD7wO6eeOsOO6M8aCLyECVQ,,Sedang belajarniüòÅ,5,0,1.28.1,2021-07-14 7:42:07,"Hi Zul Fikri, terima kasih atas kepercayaan kamu pada aplikasi dan layanan POST. Kami berharap kamu memiliki pengalaman yang baik dalam menggunakan aplikasi POST. Jika ada kritik dan saran ataupun informasi yang dibutuhkan, silahkan hubungi kami di cs@post.app. Semoga bisnis kamu semakin maju dan lancar ya. Salam-My #BisnisPastiPOST",2021-07-16 9:22:22
945,8d79e4fc-9d3a-48ab-86cd-0673acef6b12,Bioskop 244,https://play-lh.googleusercontent.com/a-/AD5-WCmYL1WIOf-jUzQT2ziKoBpNQ1q26Xu3MSspt-zCXQ,,"Aplikasi sangat bagus , cuma kalau bisa upgrade selanjutnya kalau bisa ada bagian absensi utk karyawan.",4,17,1.20.1,2020-12-23 10:54:30,"Hai pilihan rakyat, terima kasih atas review yang disampaikan. Kami harap Kamu memilki pengalaman menyenangkan dengan kami. Apabila Kamu memiliki pertanyaan atau kendala silakan menginformasikan melalui email cs@post.app ya. Semoga bisnis kamu semakin maju dan lancar ya. Salam-Vr #BisnisPastiPOST",2020-12-23 11:14:57
63,b4fce43c-1713-451e-960f-188b4f49c338,Alzali Alatas,https://play-lh.googleusercontent.com/a-/AD5-WCk1D5aKzauf_CZxugKYTo68yzEk1ZCiSNhlG0olFg,,Aplikasi luar biasa...gak habis fikir ada aplikasi kasir sesimple dan selengkap ini...,5,0,1.42.5,2022-09-02 14:20:19,"Hai POSTpreneur Alzali Alatas, Terima kasih karena telah setia menggunakan aplikasi kasir POST. Kami sangat senang dapat membantu dan memudahkan kamu dalam usaha Anda. Kami harap Anda selalu memiliki pengalaman yang menyenangkan di aplikasi kasir POST. Terima kasih telah mempercayakan bisnis-mu pada POST.",2022-09-04 3:42:27
254,da09c3ce-e770-4d62-8317-fdecbb5a9af0,Dedi Nopriansyah,https://play-lh.googleusercontent.com/a-/AD5-WCmoNjKpXY_JFdJRO0ioq-AogbyOjBJsvMvT4lbv5A,,"Bisa koneksi atau pantau dari gadget yang lain gak ya..,untuk in outnya.. üôè",5,0,1.40.1,2022-06-08 16:48:28,"Hai POSTpreneur Dedi Nopriansyah, Terima Kasih telah menggunakan aplikasi kasir POST. Untuk memantau penjualan bisa dilakukan dari device lain sebagai Owner ya. Terima kasih telah mempercayakan bisnis-mu pada POST.",2022-06-09 4:45:13
997,14aa97be-d990-4c92-a3ac-dba94400f69d,MeongMeong show,https://play-lh.googleusercontent.com/a-/AD5-WCncu9oncaJkzd2oJhC_5-TlW0lbLiAxBPq9u_mhBg,,"Perkenalkan Kami dari Miu Bakery, kami salah satu pejuang small business yang tergoncang saat corona menyerang, saat itu ada ads di Instagram bahwa post.id ingin membantu umkm di Indonesia, setelah reedem code tersebut, kami benar-benar terbantu karena sebelumnya kami hanya mengandalkan pencatatan manual, dengan adanya post kami terbantu : 1. Dengan mudah mengirim nota ke pelanggan. 2. Memantau stok barang 3. Laba Rugi 4. Dan UI Friendly Terima kasih banyak post.id telah membantu umkm Indonesia",5,70,1.19.0,2020-11-20 12:25:55,"Hai Afif Fatchurrohman, terima kasih sudah menggunakan aplikasi dan layanan POST. Kami senang mengetahui kamu memiliki pengalaman yang baik dalam menggunakan aplikasi POST. Semoga kami selalu dapat membantu usaha kamu ya. Tetap jaga kesehatan :) . salam-R #BisnisPastiPOST",2020-11-20 12:42:39
1103,73e25541-c182-4bad-881b-b4576f5fda6d,Misbah Hudin,https://play-lh.googleusercontent.com/a/AEdFTp7j3ud_e8NZuMU8dHBb-YSvR7GVSQPW3MnHVJBQ=mo,,Assalamualaikum minta bantu√†n pingin ambil hadiah dari buzzbreak c√†ranya gimna tolong bantu saya,5,0,,2020-09-08 20:29:00,"Hai Misbah Hudin, Terimakasih telah menggunakan Aplikasi POST. Mohon maaf ya terkait hadiah tersebut silakan dapat melakukan konfirmasi kepada pihak buzzbreak ya di support@buzzbreak.news . Semoga harimu menyenangkan :) . Salam-R",2020-09-09 11:40:28
240,c53832bd-c6ef-4ba3-9d4c-710b5fc13591,Dede Kurnia Mega,https://play-lh.googleusercontent.com/a-/AD5-WCnYSkigVWMcu3O7Zql_joxrhkZPA45c15rDLUB7iw,,sangat membantu sekali aplikasinya dalam mengelola bisnis saya. mudah di gunakan fiturnya bisa terima semua pembayaran.,5,0,1.40.1,2022-06-16 4:10:39,"Hai POSTpreneur Dede Kurnia Mega, Terima kasih karena telah setia menggunakan aplikasi kasir POST. Kami sangat senang dapat membantu dan memudahkan kamu dalam usaha Anda. Kami harap Anda selalu memiliki pengalaman yang menyenangkan di aplikasi kasir POST. Terima kasih telah mempercayakan bisnis-mu pada POST.",2022-06-17 3:13:01
1006,92902e2d-cea7-4394-a998-c02c44f011df,Callista wijayanto,https://play-lh.googleusercontent.com/a/AEdFTp5xrTeFwtRUMLG2OJ-cDDDcPjOpoK2tPAwmIU2O=mo,,Dengan aplikasi post ini sangatlah membantu dan mempermudah dalam mengelola bisnis saya dan mengecek semua laporan penjualan usaha saya...mantab post,5,2,1.17.2,2020-11-14 6:11:32,"Hai Callista wijayanto, terima kasih atas review yang disampaikan. Semoga kami bisa memberikan pelayanan yang lebih baik lagi ke depannya. Jangan ragu untuk memberikan saran untuk kami yang bisa disampaikan via email ke cs@post.app. Semoga bisnis kamu semakin maju dan lancar ya. Salam-Vr #BisnisPastiPOST",2020-11-14 6:19:21